Sr._No.,KYC_Attributes,Surname,Name,Father_Name,Mother_Name,Spouse_Name,Date_of_Birth,Gender,Blood_Group,Home_Address,Office_Address,Communication_Address,PAN_no,Aadhar_no,Passport_no,BankAcDetails,CreditCard,Mobile_No,Email_Id,Nationality,Voter_Card_ID,DL,year_of_Birth,Age
1,Airline,,Aaloak Sunder,Rakesh  Sunder,,,1980-10-21,Male,,19  Hrishikesh Society  RadhaPor  Gaya   823001  Bihar,,"19, Hrishikesh Society, RadhaPur, Gaya - 823001, Bihar",AASRC6045A,0,J4213565,0,1232456178954890.0,0,,Indian,,,1980,41
2,Airline,,A Basak,Tarun Basak,Sharvari Bask,,1985-09-02,Male,,97  Radhika Nagar  Rajkot   307271  Gujarat,,"97, Radhika Nagar, Rajkot - 307271, Gujrat",AVGTK0142Q,0,J2188235,0,4521362478946320.0,0,,Indian,,,1985,36
3,Airline,,AP Agarwal,Poorav Agarwal,Rani Agarwal,Subi Agarwal,1977-08-01,Male,,Abids  Tilak Road  Tilak Nagar 411002  Pune,,"Abids, Tilak Road, Tilak Nagar,411002, Pune",GDGKP2243V,0,0,0,,0,,Indian,,,1977,44
4,Airline,,Alisha Jai A Purohit,Jai Patnaik,Aruna Patnaik,Ankit Purohit,1982-10-02,Female,,Sai Vandan Apt Nr Lokmanya Bus Depot  Sanjay Nagar GZB  201001 UP,,"Sai Vandan Apt Nr Lokmanya Bus Depot, Sanjay Nagar GZB, 201001,UP",0,0,0,0,,9865742124,,Indian,,,1982,39
5,Airline,,Amar Rubi A Gurnani,Ajay,Rubi,Sukanya,1984-06-15,Male,,GS Rd  Ganeshguri Chariali  Nr Beekay Tower   Cachar   788014  Assam,,"GS Rd, Ganeshguri Chariali, Nr Beekay Tower,  Cachar - 788014, Assam",0,0,0,0,,6054785945,,Indian,,,1984,37
6,Airline,,Amritaa Ranganathan,,Lakshmi Iyer,Arindam Ranganathan,1984-03-05,Female,,16  Uttaradimuttrd nrnationalcllge  Basavanagudi   Alappuzha 690513  Kerala,,"16, Uttaradimutrd,nrnationalcllge, Basavanagudi,  Alappuzha 690513, Kerala",0,0,0,0,,0,,Indian,,,1984,37
7,Airline,,Anand Lakhan S Singh,Lakhan,,Lata Singh,1996-01-07,Male,,1st Floor  18 A  Patel Shopping Center  Janakpuri West  Delhi  110058  Delhi,,"1st Floor, 18 A, Patel Shopping Center, Janakpuri West, Delhi, 110058, Delhi",0,755544332215,0,0,,2447621042,,Indian,,,1996,25
8,Airline,,Malati Brahmbhatta,Mayur Gavhane,Padma Gavhane,Mahesh Brahmbhatta,1984-04-13,Female,,12  Malti Mahesh Niwas  Mc Road  Thirunakkara  Kottayam 686001  Kerala,,"12, Malti-Mahesh Niwas, Mc Road, Thirunakkara, Kottayam 686001, Kerala",AQULT9785B,151416171918,0,0,,99000 00030,,Indian,,,1984,37
9,Airline,,Manjusha Patel,Rajesh Patel,Revti patel,Madhusudan Patel,1975-12-20,Female,,80/10  Subramaniam Complex   Coimbatore  641029  Tamil Nadu,,"80/10, Subramaniam Complex,  Coimbatore, 641029, Tamil Nadu",AJNKP5060L,555666777888,0,0,,0,,,,,1975,46
10,Airline,,Manoj Kalra,Arjun Kalra,Akshara Kalra,Alia Kalra,1991-10-25,Male,,31  Anand Indl Estate  M S Road  Wagle Estate  Thane(w)  Mumbai  400604  Maharashtra,,"31, Anand Indl Estate, M S Road, Wagle Estate, Thane(w), Mumbai, 400604, Maharashtra",SKGBC7532D,0,0,0,,0,,Indian,,,1991,30
11,Airline,,Mohandas Bhatia,Abhiram Bhatia,,,1997-05-21,Male,,521  Arneja Corner Gallery  Sec 17  Vashi  Mumbai  400705  Maharashtra,,"521, Arneja Corner Gallery, Sec 17, Vashi, Mumbai, 400705, Maharashtra",LCKER7654N,0,0,0,,0,,,,,1997,24
12,Airline,,Mustafa Narang,Prakash,,,1979-09-07,Male,,67/69  Sea View Terrace  118 B wood House Road  Colaba  Mumbai  400005  MH,,"67/69, Sea View Terrace, 118 B-wood House Road, Colaba, Mumbai, 400005, MH",TRPNJ8743V,0,0,0,,0,,Indian,,,1979,42
13,Airline,,Naval Dave,,,,1978-11-21,Male,,501  Thacker Tower  Sector 17  Vashi Mumbai 400705,,"501, Thacker Tower, Sector 17, Vashi Mumbai 400705",0,0,J1235467,0,,2227894517,Naval@Fakemail.com,Indian,,,1978,43
14,Airline,,Navami Pandey,,,,1970-09-21,Female,,15  1st Floor  Suyog Apartment  Kolkata  700069  West Bengal,,"15, 1st Floor, Suyog Apartment, Kolkata, 700069, West Bengal",0,0,J2223245,0,,0,,Indian,,,1970,51
15,Airline,,Nilam Mane,,,,1981-09-23,Female,,House No  45/60  Nanubhai Desai Road  Girgaon  Mumbai 400004,,"House No. 45/60, Nanubhai Desai Road, Girgaon, Mumbai 400004",0,0,0,0,,2223869032,Nilamm@Fakemail.com,Indian,,,1981,40
16,Airline,,Pandu Heravdakar,,,,1995-03-13,Male,,Flat No  6  Parvati Apartment  Ujjain   456020  Madhya Pradesh,,"Flat No. 6, Parvati Apartment, Ujjain - 456020, Madhya Pradesh",0,0,0,0,,0,,Indian,,,1995,26
17,Airline,,Peeyush Nijasure,,,,1985-10-25,Male,,Flat No  11  Devi Heights  Sadashiv Peth  Pune   411030,,"Flat No. 11, Devi Heights, Sadashiv Peth, Pune - 411030",0,0,0,0,,0,,,,,1985,36
18,Airline,,Pranav Marwah,,,,1981-08-31,Male,,101 Nalanda Apartment  Lokhandwala  Andheri Mumbai 400053  ,,"101 Nalanda Apartment, Lokhandwala, Andheri Mumbai 400053, ",0,0,0,0,,2223701653,Pranavm@gmail.com,Indian,,,1981,40
19,Airline,,Prasad Dani,,,,1981-04-19,Male,,36  Kothari Market  Kankaria  Ahmedabad  380022  Gujarat,,"36, Kothari Market, Kankaria, Ahmedabad, 380022, Gujarat",0,0,J2182235,0,,0,Prasad@fakemail.com,Indian,,,1981,40
20,Airline,,Prasanna Ravel,,,,1985-08-09,Male,,52  Marathahalli  Kolkata   587436  West Bengal,,"52, Marathahalli, Kolkata - 587436, West Bengal",0,0,0,0,,0,,Indian,,,1985,36
21,Airline,,Devika Aditya Malhotra,Aditya Mayadev,,,1986-03-13,Female,,240(271)  Lloyds Road  Royapettah  Bhayander (west)  Mumbai  401105  Maharashtra,,"240(271), Lloyds Road, Royapettah, Bhayander (west), Mumbai, 401105, Maharashtra",QKPJU1020H,887799221320,0,0,,2428130549,,Indian,,,1986,35
22,Airline,,Devika Mathai,Amrit Sheth,,,1981-08-29,Female,,49  Nayan Nagar  Bulandshahr  203001  Utter Pradesh,,"49, Nayan Nagar, Bulandshahr- 203001, Utter Pradesh",0,638655773344,0,0,1021200103303120.0,3635342623,,Indian,,,1981,40
23,Airline,,Devika Aniket Sawhney,Aniket Balan,Kavita Balan,Deven Sawhney,1983-07-15,Female,,20  9 Main  Jayanagar  Dehradun 248001 Uttarakhand,,"20, 9 Main, Jayanagar, Dehradun,248001,Uttarakhand",DEKLC1234A,963644312211,0,0,9889788745545660.0,7889988779,,Indian,,,1983,38
24,Airline,,Dinesh Toor,Akhilesh Toor,,,1979-05-23,Male,,Wp 489  Shiv Market  Gala No 9 Davale Nagar  Jekegram  Ambari 248125 Dehradun Uttarakhand,,"Wp 489, Shiv Market, Gala No.9 Davale Nagar, Jekegram, Ambari,248125 Dehradun Uttarakhand",YNGSK4321K,0,0,0,,7744111144,,Indian,,,1979,42
25,Airline,,Anees Chokshi,Arrnab,Kanak Chokshi,Palak Chokshi,1991-10-25,Male,,A 3/15  Asaaf Ali Road  Darjeeling  734003  West Bengal,,"A-3/15, Asaaf Ali Road, Darjeeling, 734003, West Bengal",0,0,0,0,2244115577883320.0,7744551120,Arn@gmail.com,Indian,,,1991,30
26,Airline,,AD A Pandey,,Asmita Malviya,,1981-07-18,Female,,B 18  Vinco Chem  Ind  Estate  Panchal Road  Chennai  600014  Tamil Nadu,,"B-18, Vinco Chember. Ind. Estate, Panchal Road, Chennai, 600014, Tamil Nadu",0,0,0,0,3322114455662220.0,6644771122,,Indian,,,1981,40
27,Airline,,Anusha Venkata Kant,Venkata Iyer,,,1986-03-13,Female,,B 9  Adittya Apt  Chimpoly Road  Chikuwadi  Hongasandra  560068  Bamgalore,,"B 9, Adittya Apt, Chimpoly Road, Chikuwadi, Hongasandra, 560068, Bamgalore",0,112233444121,0,0,8877445588778880.0,7744112233,,Indian,,,1986,35
28,Airline,,Apurva Bahl,Prabodh Mandad,,,1975-09-06,Female,,17  New No 18 a  Athipattan Street Chintadripet  Bangalore  560028  Karnataka,,"17, New No 18-a, Athipattan Street Chintadripet, Bangalore, 560028, Karnataka",0,775554112244,0,0,3625142523212320.0,9966445521,,Indian,,,1975,46
29,Airline,,Aravind Bassi,,Basanti Roy,,1980-07-18,Male,,33  Nishthaa Villas  Farah Chowk Vasai   401208  Maharashtra,,"33, Nishthaa Villas, Farah Chowk Vasai - 401208, Maharashtra",0,0,0,0,1542326699533600.0,2211332123,,Indian,,,1980,41
30,Airline,,Aravind Bassi,Charlie Roy,,,1982-07-18,Male,,33  Nishttha Villas  Kolkata   346219  West Bengal,,"33, Nishtha Villas, Kolkata - 346219, West Bengal",0,445566672099,0,0,3000200010002110.0,4545454141,,Indian,,,1982,39
31,Airline,,Pankaj Mathur,Mansingh Mathur,Seema Mathur,,1989-01-25,Male,,A 404 Sai Sundram Nallasopara East Palghar Mumbai 401209,,A 404 Sai Sundram Nallasopara East Palghar Mumbai-401209,0,0,0,0,7777777744441110.0,8888888888,,Indian,,,1989,32
32,Airline,,Arjun Pai,Ritesh,,,1981-01-26,Male,,B/702 sec 7  Sunlight Tower Bldg  Delhi  110028  Delhi,,"B/702 sec 7, Sunlight Tower Bldg, Delhi, 110028, Delhi",0,681122445568,0,0,,2132262524,,Indian,,,1981,40
33,Airline,,Aryan Srinivas,Karthik Srinivas,,,1985-05-05,Male,,53/8  Arjun Nagar  Gurugaon 122001 Haryana,,"53/8, Arjun Nagar, Gurugaon,122001,Haryana",CHDNK5384K,0,0,0,,8989562336,,Indian,,,1985,36
34,Airline,,Azhar A Shanker,Ayushman,,,1969-09-23,Male,,1501  15th Flor  Maker Chambers VI  Bangalore  560025  Karnataka,,"1501, 15th Flor, Maker Chambers VI, Bangalore, 560025, Karnataka",0,106080706052,0,0,,4565522336,,Indian,,,1969,52
35,Airline,,Bhavana Akshay Rattan,Akshay Hajare,Kanti Hajare,Bhaveek Rattan,1985-07-17,Female,,1/22 Timber Market  Hyderabad  500001  Andhra Pradesh,,"1/22,  Timber Market, Hyderabad, 500001, Andhra Pradesh",BTNPJ0955L,221123355566,0,0,,0,,Indian,,,1985,36
36,Airline,,Bhushan Jadhav,Gangadhar Jadhav,Parvati Jadhav,,1978-12-20,Male,,Flat No  177  Rajas Society  Mulund  Mumbai   410026 Maharashtra,,"Flat No. 177, Rajas Society, Mulund, Mumbai - 410026 Maharashtra",0,313233343537,0,0,,5545424123,,Indian,,,1978,43
37,Airline,,Brock S Rastogi,Samuel,Rita,,1981-04-10,Male,,202  Anant Appartment  Siyapura  Raopora  Vadodara 390001  Gujarat,,"202, Anant Appartment, Siyapura, Raopora, Vadodara 390001, Gujarat",BKCDE9189U,0,0,0,,6636363221,,Indian,,,1981,40
38,Airline,,Chandni Mehan,,Indu Javlekar,,1986-08-15,Female,,24  Saban Complex  resrdblr 25  Opp Imperial Hotel  Colaba  Mumbai  400005  Maharashtra,,"24, Saban Complex, resrdblr-25, Opp Imperial Hotel, Coloba, Mumbai, 400005, Maharashtra",0,798786854484,0,0,,2288554455,,Indian,,,1986,35
39,Airline,,Chetan,,Usha Bhatti,,1984-08-14,Male,,87  Bandra  Bandra West Mumabi 400050 Maharashtra,,"87, Bandra, Bandra West Mumabi,400050 Maharashtra",0,866544332411,0,0,,0,,Indian,,,1984,37
40,Airline,,Chetan A,Amir Mehta,Kusum Mehta,,1990-09-19,Male,,82  Borivali  Bhopal   539238  Madhya Pradesh,,"82, Borivali, Bhopal - 539238, Madhya Pradesh",0,107725554433,0,0,,6553532123,,,,,1990,31
41,Airline,,Chetan Naik,Nirmal Naik,Preshita Naik,,1979-09-10,Male,,94  HirPur  Alwar   199767  Rajasthan,,"94, HirPur, Alwar - 199767, Rajasthan",RRHNJ8743V,0,0,0,,5521232114,,,,,1979,42
42,Airline,,Darshana Peri,Rajiv Rao,,,1992-03-21,Female,,70  Sumit Heights  Yerwada Rajkot   307271  Gujarat,,"70, Sumit Heights, Yerwada Rajkot - 307271, Gujarat",JKGKP8218O,0,0,0,9868745845695470.0,7948575658,,Indian,,,1992,29
43,Airline,,Deepak D Kapadia,Dinesh Kapadia,Savita Kapadia,,1981-10-21,Male,,48  Heena Society  Naresh Gunj Udaipur   165226  Rajasthan,,"48, Heena Society, Naresh Gunj Udaipur - 165226, Rajasthan",ABYTC7530D,0,0,0,,0,,Indian,,,1981,40
44,Airline,,Deepesh D Chadha,Deelip,Dipti,,1981-08-31,Male,,6  Maska Chawl  Seev Trombay Road  Near Yogi  Chembur  Mumbai 400071  Maharashtra,,"6, Maska Chawl, Seev Trombay Road, Near Yogi, Chembur, Mumbai 400071, Maharashtra",FGUGC1234A,0,0,0,,0,,Indian,,,1981,40
45,Airline,,Pratik Apte,,,,1985-05-20,Male,,12/36  Venkateshwara Apartment  Chennai   149650  Tamil Nadu,,"12/36, Venkateshwara Apartment, Chennai - 149650, Tamil Nadu",0,0,0,0,,0,,,,,1985,36
46,Airline,,Prem Padagavakar,,,,1979-09-07,Male,,520  B   Ludhiana   141002  Punjab,,"520  B,  Ludhiana - 141002, Punjab",0,0,0,0,,1612444717,Prem@gmail.com,Indian,,,1979,42
47,Airline,,Priyanka Bedi,,,,1985-10-23,Female,,120  Sushmita Heights  Kharadi Agra   471462  Uttar Pradesh,,"120, Sushmita Heights, Kharadi Agra - 471462, Uttar Pradesh",0,0,0,0,,0,,,,,1985,36
48,Airline,,Raadha Thakur,,,,1990-01-21,Female,,24/2 1  Sai Baba Mandir  Bangalore  560028,,"24/2,1, Sai Baba Mandir, Bangalore, 560028",0,887789921133,0,0,,26761621,Radha@fakemail.com,,,,1990,31
49,Airline,,Rajnish Dar,,,,1980-07-19,Male,,45/60  Radhika Apartments  Near Sai Mandir  Agra 471461,,"45/60, Radhika Apartments, Near Sai Mandir, Agra 471461",0,0,0,0,,0,,,,,1980,41
50,Airline,,Ramadugula Sita Mahalakshmi,,,,1985-06-05,Female,,Flat No  15  Upasana Building  Indore   381528  Madhya Pradesh,,"Flat No. 15, Upasana Building, Indore - 381528, Madhya Pradesh",0,0,0,0,,0,,,,,1985,36
51,Airline,,Dinesh Ram Yadav,Ram Yadav,Seeta Yadav,,1990-09-21,Male,A-,House No  25  Nelaya Society  Auto Market  Jodhpur   112001 Rajashthan,,"Flat No. 60, Maharshi Nagar, baroli - 342001 Jodhpur Rajashthan",CPAPB6666G,600540302210,0,BOB-022222222222,1414252536366360.0,9470707070,,Indian,,,1990,31
52,Airline,,Durga Rohan Khosla,Rohan Khosla,Devina Khosla,Shiv Balakrishnan,1978-09-07,Female,O+,27/28 Woods Road  Anna Salai  Rohtak  124001  Haryana,,"27/28 Woods Road, Anna Salai,Ferozepur,152001,Punjab ",PTPHK5287F,787755443322,J0177782,HDFC-033333333333,2020101030300300.0,8585855645,,Indian,,,1978,43
53,Airline,,Falguni Sharad Kant,Sharad Pant,Dhwani Pant,Naresh Kant,1983-08-31,Female,,1/a  1  Vasanthnagar  Thergoan  Shivraj Nagar 411027  Maharashtra,,"1/a, 1, Vasanthnagar, Borivali (w), Mumbai, 400092, Maharashtra",BOPAK8455L,452533445568,0,IDBI-456936366363,89899696636336.0,022-45454545,,Indian,,,1983,38
54,Airline,,Gajendra Vishnu Thakkar,Vishnu,Kaumari,Krishna Thakkar,1989-06-25,Male,,E/103 a Simla House  51 b Nepeasea Road  August Kranti Marg  Andheri Mumbai  400053,,"E/103-a Simla House, 51-b Nepeasea Road, August Kranti Marg, Andheri,Mumbai, 400053",MOGCG5827F,896655443322,0,0,4545585847477470.0,022-23232323,,Indian,,,1989,32
55,Airline,,Gauransh Mahesh Bhatt,Mahesh,Parvati,,1990-09-21,Male,,87  Furniture Block  Kirti Nagar  Bulandshahar 203001 Uttar Pradesh,,"87, Furniture Block, Kirti Nagar, Bulandshahar,203001,Uttar Pradesh",APCRB6674G,353637383049,0,0,7532159845621230.0,2525366869,,Indian,,,1990,31
56,Airline,,Gayatri M Subramanian,Mani Ranganathan,Rohini Ranganathan,,1998-02-21,Female,,6/3 wareroad frazertown bangalore 5  Frazer Town  Bazargate mumbai 400001 Maharashtra,,"6/3,wareroad,frazertown,bangalore-5, Frazer Town, Bazargate,mumbai,400001,Maharashtra",LPPJH8743V,125126127004,0,0,,0,,Indian,,,1998,23
57,Airline,,Geetanjali A Bali,Ayush Bhavalakar,Chhaya Bhavalakar,Sharad Bali,1979-01-26,Female,,Narayan Bldg  Near Swaami Narayan Temple  Dadar (c r )  Mumbai  400014  Maharashtra,,"Narayan Bldg, Near Swaami Narayan Temple, Dadar (c.r.), Mumbai, 400014, Maharashtra",GCEER7654N,308786868585,0,0,5647320112341230.0,8724124421,,Indian,,,1979,42
58,Airline,,Giaan Gopal Menon,Gopal,Chandika,Archita Menon,1976-12-20,Male,,313/31 412  25  Musium Road Colaba  400005 Mumbai Maharashtra,,"313/31,412, 25, Musium Road Colaba, 400005,Mumbai Maharashtra",QRCSR3214Q,213456789010,0,0,8657489554125619.0,022-98875445,,,,,1976,45
59,Airline,,Gagan Indira D’Alia,Gagan Dvivedi,Lavanya Dvivedi,Ishwar D'Alia,1980-07-18,Female,,F 151  Main Road  Near Ambedkar Gate  Janak Puri west  Delhi  110058  Delhi,,"F-151, Main Road, Near Ambedkar Gate, Janak Puri,west, Delhi, 110058, Delhi",ANGDE4321F,0,0,0,7530015985200141.0,011-45121212,ialia@gmail.com,Indian,,,1980,41
60,Airline,,Indrani Ranjit Singh,Ranjit Sanyal,,,1985-02-21,Female,,15/16mgrdrdblr 1  old Ranjit Nagar Delhi Patel Nagar 110008,,"15/16mgrdrdblr-1, old Ranjit Nagar Delhi Patel Nagar-110008",JKGTP4475S,337711445522,0,0,1010202025251410.0,25584415,is@gmail.com,Indian,,,1985,36
61,Airline,,Miss Yadav Rakhi,,,,1990-09-21,Female,,67  Btm Layout  Bangalore,,"67, Btm Layout, Bangalore",0,0,0,51610110003338,,9239239239,rakhi@gmail.com,Indian,,,1990,31
62,Airline,,Inika Hora,,,,1976-12-21,Female,,88  Hinjewadi  Surat   335009  Gujarat,,"88, Hinjewadi, Surat - 335009, Gujarat",0,0,0,0,,8974561230,ih@gmail.com,Indian,,,1976,45
63,Airline,,Iqbal Anis Mistry,,,,1977-12-20,Male,,1 7 659/26/1  Opp luna High School  Raopura  khurja 203131 UttarPradesh,,"1-7-659/26/1, Opp.luna High School, Raopura, khurja-203131-UttarPradesh",0,0,0,0,,2413324142,mia@gmail.com,Indian,,,1977,44
64,Airline,,Ishaan Shiv D Bora,Shiv Bora,,Radhika Bora,1980-01-22,Male,,A 5  578  Jitendra Jame  J J Road  Raichur 584101  Karnataka,,"A-5, 578, Jitendra Jame, J J Road, Raichur,584101, Karnataka",ALPNB1363G,545571123366,0,0,3578987565481470.0,9874561411,isdb@gmail.com,Indian,,,1980,41
65,Airline,,Gola Jaswant Kuljeet ,,,,1981-07-18,Male,,62 &63  Cp Ramasamy Road  Alwarpet  Dholpur  328001  Rajasthan,,"62 &63, Cp Ramasamy Road, Alwarpet, Dholpur ,328001, Rajasthan",0,0,0,0,1477220833211120.0,6365523229,gjk@gmail.com,Indian,,,1981,40
66,Airline,,Javed Iqbal Bahri,,,,1981-08-31,Male,,4  Jeevanprem  Panchpakhadi  ThaneVasai (E) Mumbai 401208  Maharashtra,,"4, Jeevanprem, Panchpakhadi, ThaneVasai (E) Mumbai 401208, Maharashtra",0,0,0,0,1427225833211120.0,75330741026,jib@gmail.com,Indian,,,1981,40
67,Airline,,Lad Jayendra Karthik ,Karthik Lad,,,1979-11-21,Male,,701 Jupiter Bldg  Hiranandani(c)  A 4th Cross Lane   Andheri H  O Mumbai 400053  Maharashtra,,"701 Jupiter Bldg, Hiranandani(c), A 4th Cross Lane,  Andheri H. O Mumbai 400053, Maharashtra",0,0,0,0,1377225833211100.0,5555666626,ljk@gmail.com,Indian,,,1979,42
68,Airline,,Dyal Jayesh VD ,Vighnesh Dyal,Dipti Dyal,Jaya Dyal,1987-08-31,Male,,Flat No 304 3rd Floor St No 10  D V Arcade Main Road  Roorkee 247667 Uttarakhand,,"Flat No 304 3rd Floor St No 10, D V Arcade Main Road, Roorkee-247667,Uttarakhand",0,0,0,3214569870,,7854212326,djvdk@gmail.com,Indian,,,1987,34
69,Airline,,Chadda Jwala Jaikishan,Jaikishan,Jaya,Vishal,1989-06-25,Female,,Flat No  144  Sejal Arcade   Mohali 140055 Punjab,,"Flat No. 144, Sejal Arcade,  Mohali,140055,Punjab",0,167974757319,0,3021012320130120,,7534410716,cjw@gmail.com,Indian,,,1989,32
70,Airline,,Rahul Kajol Dewan,Rahul Gaykwad,Aahana  Gayakwad,,1984-08-15,Female,,A 11  Naraina Indl Area  S Vivekanand Rd  Bhayander (W) Mumbai  401101,,"A 11, Naraina Indl Area, S Vivekanand Rd, Bhayander,(W) Mumbai, 401101",CDRHK1341B,0,0,1250258036901470,,5785475884,rkd@gmail.om,Indian,,,1984,37
71,Airline,,Chadha Kalini KU,,,,1979-09-08,Female,,87  Kharadi  Lucknow  226002  Uttar Pradesh,,"87, Kharadi, Lucknow -226002, Uttar Pradesh",ALGNB4538G,0,0,0,12455421147221.0,7896544784,cku@gmail.com,Indian,,,1979,42
72,Airline,,Murthy Kalyani Tata,Pratyush Murthy,,,1979-01-19,Female,,Rto Main Road  Opp  Jhulelal Mandir  Varasia  Vapi  396145  Gujarat,,"Rto Main Road, Opp. Jhulelal Mandir, Varasia, Vapi, 396145, Gujarat",0,0,0,0,52455421147232.0,8520025886,mkt@gmil.com,Indian,,,1979,42
73,Airline,,Prakash Kirti Amrit ,,,,1981-08-31,Female,,127  A  Har Indl Est  Sun Mill Road Mohali 140055 Chandigarh,,"127, A, Har Indl Est, Sun Mill Road,Mohali,140055,Chandigarh",0,886655774437,0,22435421147232,,6111945248,pka@gmail.com,Indian,,,1981,40
74,Airline,,B Lakshmi Desai,Bijoya Kabra,Muktai Kabra,,1980-01-10,Female,,95  Alaknanda Villas  PreshitaGarh Bhubneshwar 750017 Odisa,,"95, Alaknanda Villas, PreshitaGarh Bhubneshwar,750017,Odisa",BCNER7892N,0,0,444455221412,,5655778879,bld@gmail.com,Indian,,,1980,41
75,Airline,,Dutt Lalita Bhima ,,,,1979-07-09,Female,,Jn2/5/a 2  Sector 10  Chickpet  Jhansi 284001 Uttarpradesh,,"Jn2/5/a-2, Sector 10, Chickpet, Jhansi,284001,Uttarpradesh",0,0,0,0,40392475624512.0,8878797883,dlb@gmail.com,Indian,,,1979,42
76,Airline,,RV Lina Dugal,Raman Dhingra,Varsha Dhingra,Ramesh Dugal,1987-11-11,Female,,10  Virar  Jabalpur   482003  Madhya Pradesh,,"10, Virar, Jabalpur - 482003, Madhya Pradesh",0,0,0,603924756247,,6342577888,rvld@gmail.com,Indian,,,1987,34
77,Airline,,Mathur Akash ,,,,1976-12-20,Male,,17/18  Vihar  Rajnagar  Kalka 133302 Harayana,,"17/18, Vihar, Rajnagar, Kalka,133302,Harayana",0,0,0,201425541221,,4758699679,ma@gmail.com,Indian,,,1976,45
78,Airline,,Rao Arun JK ,Jitendra Rao,,,1985-12-22,Male,,Flat No 12 Sarita Vihar Nagpur 440002 Maharashtra,,"Flat No 12,Sarita Vihar,Nagpur,440002,Maharashtra",0,311020405026,0,0,4477558866993360.0,4222144163,raj@gmail.com,Indian,,,1985,36
79,Airline,,Singh Amar RK,,,,1975-11-22,Male,,H NO 11/1 Radha Nagar Tikamgarh  472001 Madhya Pradesh,,"H NO 11/1 Radha Nagar Tikamgarh, 472001,Madhya Pradesh",0,0,0,963085207410,,7755331149,sark@gmail.com,Indian,,,1975,46
80,Airline,,Rampal Seema Yadav,Rampal Yadav,,,1979-09-23,Female,,Plot No 25 Echelon Square  Sector 32 Mohali 160062  Punjab,,"Plot No.25,Echelon Square, Sector,32,Mohali,160062, Punjab",0,0,0,24242323252525,,63655225237,rsy@gmail.com,Indian,,,1979,42
81,Airline,,Suman Arun Umardas Jaidevi,,,,1984-03-20,Male,,H NO 1111  Leelawati  Patoriya  Kinnaur 172107  Himachal Pradesh,,"H NO 1111, Leelawati, Patoriya, Kinnaur,172107, Himachal Pradesh",0,0,0,0,7412214778963219.0,7245877884,sauj@gmail.com,Indian,,,1984,37
82,Airline,,PandayNeha ,,,,1982-03-16,Female,,S N 18/19 Lane No  3 Om Sai Ganesh Nagar Nagpur 440002 Maharashatra,,"S.N.18/19 Lane No  3 Om Sai Ganesh Nagar Nagpur,440002,Maharashatra",BACDE4172E,0,0,68698556699856,,8274858528,pn@gmail.com,Indian,,,1982,39
83,Airline,,Mr Sharma Ranveer,,,,1991-10-10,Male,,House No  105  Saraigutta  Chennai   600004  Tamil Nadu,,"House No. 105, Saraigutta, Chennai - 600004, Tamil Nadu",0,0,0,70122332211012,,6352422429,msr@gmail.com,Indian,,,1991,30
84,Airline,,Gangwar Rajesh Santosh ,Santosh Gangwar,,,1986-02-12,Male,,Flat No 17 Jankpuri East  110058 Delhi,,"Flat No 17,Jankpuri,East, 110058,Delhi",0,0,0,487879966998,,46475869778,grs@gmail.com,Indian,,,1986,35
85,Airline,,Rakesh Soni Dubey,Kapil Dubey,Sarita Dubey,Rakesh Dubey,1984-04-13,Female,,76  Veena Apartment  Palghar 401404 Maharashtra,,"76, Veena Apartment, Palghar,401404,Maharashtra",0,0,0,688996699885,,4768699876,rsd@gmail.com,Indian,,,1984,37
86,Airline,,Pingle Neha ,,,,1987-09-05,Female,,Flat No 12 Wing A Mauli Soceity New Sangvi 411027 Pune  Maharashtra,,"Flat No 12 Wing A,Mauli Soceity,New Sangvi,411027,Pune, Maharashtra",0,0,0,200012341223,,6363632529,pn@gmail.com,Indian,,,1987,34
87,Airline,,Mistrry Ramesh Kiran ,,,,1980-03-10,Male,,Yogi COHS  B Wing  Flat No 202 60 Feet Road Vikash Puri  110018 Delhi,,"Yogi COHS, B Wing, Flat No 202,60 Feet Road,Vikash Puri, 110018,Delhi",0,0,0,414243454647,,2423252629,mrk@gmail.com,Indian,,,1980,41
88,Airline,,Singh HS Gu rjeet ,,,,1980-03-12,Male,,SEC 21 2nd Floor  B Block Ranjit Avenue Vile Parle(W) 400056 Mumbai Maharashtra,,"SEC-21 2nd Floor ,B-Block Ranjit Avenue,Vile Parle(W),400056,Mumbai,Maharashtra",0,0,0,0,42425454474886.0,7112231712,shs@gmail.com,Indian,,,1980,41
89,Airline,,Gupta Janhit Vinod,,,,1980-04-20,Male,,H No 233 Gali No 1  Ulubari Guwahati 781007 Assam,,"H No 233,Gali No 1, Ulubari,Guwahati,781007,Assam",0,0,0,427212142112,,7120404544,gj@gmail.com,Indian,,,1980,41
90,Airline,,Sant Reen,,,,1979-07-17,Female,,M Wing  H No 281 Sanjay Nagar Bhubneswar 751002 Odisha,,"M Wing, H No 281,Sanjay Nagar,Bhubneswar,751002,Odisha",0,0,0,554247424123,,5545575566,sr@gmail.com,Indian,,,1979,42
91,Airline,,Singh Kapil HR,,,,1981-02-12,Male,,Ground Floor Flat No  10 Olympica Soc  Raipur 490042 Chhattisgarh,,"Ground Floor,Flat No, 10,Olympica Soc, Raipur,490042,Chhattisgarh",0,0,0,605040301012,,7475767177,skh@gmail.com,Indian,,,1981,40
92,Airline,,Khanna Rahul ,,,,1978-01-30,Male,,107 Defence Colony Sector II  Dehradun 248012 Uttarakhand,,"107,Defence Colony Sector II, Dehradun,248012,Uttarakhand",0,0,0,437212142133,,71220404546,kr@gmail.com,Indian,,,1978,43
93,Airline,,Ravet Sunil DN,,,,1981-04-15,Male,,503 Block B Mahalaxmi Society Viar  West 401303 Mumbai Maharashtra,,"503 Block B,Mahalaxmi Society,Viar, West,401303,Mumbai,Maharashtra",0,0,0,566247424123,,5745575858,rsd@gmail.com,Indian,,,1981,40
94,Airline,,Suman Deeplata BP,,,,1981-06-14,Female,,678/2  Gali No 6 Jhilmil Colony Ramesh Nagar Jodhpur3 342003 Rajasthan,,"678/2, Gali No 6,Jhilmil Colony,Ramesh Nagar,Jodhpur3,342003,Rajasthan",0,0,0,612040301012,,7575767177,sdbp@gmail.com,Indian,,,1981,40
95,Airline,,Mathur MS Pankaj,,,,1987-10-25,Male,,59/D Simla House Nepeasea Road  August Kranti Marg  Mumbai  400036,,"59/D-Simla House,Nepeasea Road, August Kranti Marg, Mumbai, 400036",0,0,0,47212142137,,73230404547,mmps@gmail.com,Indian,,,1987,34
96,Airline,,Chopda Rajiv Mahesh,,,,1979-06-08,Male,,226 City Centre  Opp  Guru Nanak Bhawan  Near Bus Stand  Amritsar  Punjab 143001,,"226 City Centre,DC Block Sec-1,Bidhannagar,Kolkata,West Bengal-700064",0,0,0,546247424124,,5775575853,cr@gmail.com,Indian,,,1979,42
97,Airline,,Jadhav DA Ankur,Dinesh Jadhav,Aabha Jadhav,Deepa Jadhav,1976-12-20,Male,,Plot 16 Grount Floor  Amar Stambh Zone 1  MP Nagar Bhopal Madhya Pradesh 462016,,"Plot 16,Grount Floor, Amar Stambh,Zone 1, MP Nagar Bhopal,Madhya Pradesh-462016",0,0,0,682840301812,,7554233997,jda@gmail.com,Indian,,,1976,45
98,Airline,,Tiwari Megha Roop,,,,1976-04-15,Female,,34/35 Mathura Vihar  Nr Vijay Nagar  Kanchan Vihar Jhansi Uttar Pradesh 284004,,"34/35 Mathura Vihar, Nr Vijay Nagar, Kanchan Vihar Jhansi Uttar Pradesh-284004",0,0,0,67212142636,,9723099664,tmr@gmail.com,Indian,,,1976,45
99,Airline,,Yadav Mohit Mahesh,,,,1979-06-08,Male,,Plot No26 7 Mantri Wadi S Vivekanand Road  Hubli 580030 Karanataka,,"Plot No26-7 Mantri Wadi,S Vivekanand Road ,Hubli,580030,Karanataka",0,0,0,566247424126,,9720457847,ym@gmail.com,Indian,,,1979,42
100,Airline,,Ankur Dinesh Kurmi,,,,1976-12-20,Male,,Plot 125 Grount Floor  Amar Stambh Zone 1  Mohan Nagar Ghaziabad Uttar Pradesh 201007,,"Plot 125,Grount Floor, Amar Stambh,Zone 1, Mohan Nagar,Ghaziabad,Uttar Pradesh-201007",0,0,0,112840301812,,7324237858,adk@fakemail.com,Indian,,,1976,45
101,Airline,,Tiwari Pooja Vijay,,,,1976-04-11,Female,,SN 06  Saket Commercial Complex  Railway Road Jhansi Uttar Pradesh 284001,,"SN-06, Saket Commercial Complex, Railway Road,Jhansi Uttar Pradesh-284001",0,0,0,67212142631,,9723099264,tpv@gmail.com,Indian,,,1976,45
102,Airline,,Malik Mohit Mahesh,,,,1979-06-18,Male,,H No 10 Mantri Wadi S Vivekanand Road  Hubli 580030 Karanataka,,"H No 10,Mantri Wadi,S Vivekanand Road ,Hubli,580030,Karanataka",0,0,0,420047424126,,9720457841,mmm@gmail.com,Indian,,,1979,42
103,Airline,,Kuldeep Dipendra Saini,,,,1976-12-20,Male,,25 Grount Floor  Amar Stambh Zone 1  Mohan Nagar Ghaziabad Uttar Pradesh 201007,,"25,Grount Floor, Amar Stambh,Zone 1, Mohan Nagar,Ghaziabad,Uttar Pradesh-201007",0,0,0,112840301812,,7224237857,kds@gmail.com,Indian,,,1976,45
104,Airline,,Gautam Sarita Ramesh,,,,1978-04-23,Female,,6 Jai Satayam Soc Vasai Road East Mumbai  Maharashtra 401208,,"6 Jai Satayam Soc,Vasai Road,East,Mumbai, Maharashtra,401208",0,0,0,41212142631,,9513099658,gsr@fakemail.com,Indian,,,1978,43
105,Airline,,Singh Nitin Nilesh,,,,1982-01-15,Male,,250 Jatia Sanpara Ghorbandar Road  Thane Maharashtra 400607,,"250 Jatia,Sanpara,Ghorbandar Road, Thane,Maharashtra-400607",0,0,0,420047424126,,3632382383,snn@gmail.com,Indian,,,1982,39
106,Airline,,Rajnesh Rajendra Thakur,,,,1976-12-20,Male,,B 183 Rajaji Puram RK Puram Delhi 110022,,"B-183,Rajaji Puram,RK Puram,Delhi-110022",0,0,0,332840301813,,3415577816,rrt@fakemail.com,Indian,,,1976,45
107,Airline,,Gautam Nikita Ramesh,,,,1981-05-15,Female,,6b Sultan Alam Road Satayam Soc Vasai Road East Mumbai  Maharashtra 401208,,"6b,Sultan Alam Road,Satayam Soc,Vasai Road,East,Mumbai, Maharashtra,401208",0,0,0,46262142631,,9113099654,gnr@fakemail.com,Indian,,,1981,40
108,Airline,,Shah Suraj Rajveer,,,,1982-10-10,Male,,16/3 Jagannathan Road Sanpara Ghorbandar Road  Thane Maharashtra 400607,,"16/3 Jagannathan Road,Sanpara,Ghorbandar Road, Thane,Maharashtra-400607",0,0,0,423347424126,,3632382383,snn@gmail.com,Indian,,,1982,39
109,Airline,,Jitendra Rajendra Kajla,,,,1976-12-20,Male,,C 35 Udyogpuram Industrial Estate RK Puram Delhi 110022,,"C-35,Udyogpuram Industrial Estate,RK Puram,Delhi-110022",0,0,0,132840301813,,3125577813,jrk@fakemail.com,Indian,,,1976,45
110,Airline,,Satpal Pawan Rakesh,,,,1981-06-15,Male,,16 Hari Om Heritage  Sector 21 Plot No8 Vasai Road East Mumbai  Maharashtra 401208,,"16,Hari Om Heritage, Sector 21,Plot No8,Vasai Road,East,Mumbai, Maharashtra,401208",0,0,0,40262142630,,2227742556,spr@fakemail.com,Indian,,,1981,40
111,Airline,,Vora Jay Rajvir,,,,1982-10-10,Male,,B/103 Asmita Cres  Nr Asmita Club Ghorbandar Road  Thane Maharashtra 400607,,"B/103,Asmita Cres, Nr Asmita Club,Ghorbandar Road, Thane,Maharashtra-400607",0,0,0,323347424123,,3788382398,vjr@gmail.com,Indian,,,1982,39
112,Airline,,Vardan Rajendra Sharma,,,,1976-12-20,Male,,C 35 Udyogpuram Industrial Estate RK Puram Delhi 110022,,"C-35,Udyogpuram Industrial Estate,RK Puram,Delhi-110022",0,0,0,432840301814,,3625577816,vrs@fakemail.com,Indian,,,1976,45
113,Airline,,Parab Shabdantika Rakesh,,,,1983-03-15,Female,,A/601 DSK Saraswati Vaishet Pada No8 Vasai Road East Mumbai  Maharashtra 401208,,"A/601,DSK Saraswati,Vaishet Pada No8,Vasai Road,East,Mumbai, Maharashtra,401208",0,0,0,49262142639,,5227742555,psr@fakemail.com,Indian,,,1983,38
114,Airline,,Vora Hasti Rajvir,,,,1982-10-10,Female,,H No 17 Sunder Prakash Co hsg societyGhorbandar Road  Thane Maharashtra 400607,,"H No-17 Sunder Prakash Co.hsg.societyGhorbandar Road, Thane,Maharashtra-400607",0,0,0,373347424127,,7388382398,vhr@fakemail.com,Indian,,,1982,39
115,Airline,,Rikita Rajendra Modi,,,,1976-12-20,Female,,Plot No F 7  Industrial Estate RK Puram Delhi 110022,,"Plot No F-7, Industrial Estate,RK Puram,Delhi-110022",0,0,0,482840301818,,9422728064,rrm@fakemail.com,Indian,,,1976,45
116,Airline,,Dhawan Adwait Anil,,,,2001-02-15,Male,,D/521 Visava CHS Haji Bapu Road Vasai Road East Mumbai  Maharashtra 401208,,"D/521,Visava CHS Haji Bapu Road,Vasai Road,East,Mumbai, Maharashtra,401208",0,0,0,49452142635,,8227742885,daa@fakemail.com,Indian,,,2001,20
117,Airline,,Khopar Kanishka Kaustubh,,,,1985-09-11,Female,,A/33 Kailashchandra CHS LTD Mahindra Nagar Ghorbandar Road  Thane Maharashtra 400607,,"A/33,Kailashchandra CHS LTD,Mahindra Nagar,Ghorbandar Road, Thane,Maharashtra-400607",0,0,0,674447424164,,7375382376,kk@fakemail.com,Indian,,,1985,36
118,Airline,,Yeshvi Jignesh Shah,,,,1976-12-20,Female,,H No 21 Om Sai Krupa bldg RK Puram Delhi 110022,,"H No 21,Om Sai Krupa bldg,RK Puram,Delhi-110022",0,0,0,482843458726,,9422721479,yjs@fakemail.com,Indian,,,1976,45
119,Airline,,Nayak Dron Sehul,,,,2001-02-15,Male,,G 2 Sayani Chawl Ranisati Marg Opp Laxminarayan Temple Mumbai  Maharashtra 401208,,"G-2,Sayani Chawl Ranisati Marg,Opp Laxminarayan Temple,Mumbai, Maharashtra,401208",0,0,0,0,49452142000.0,9657443922,nds@fakemail.com,Indian,,,2001,20
120,Airline,,Prajapati Yamini Akhilesh,,,,1985-09-11,Female,,SP 21  Sector C  Chetan Vihar Colony Mahindra Nagar Borivali Maharashtra 400607,,"SP 21, Sector C, Chetan Vihar Colony,Mahindra Nagar,Borivali,Maharashtra-400607",0,0,0,670047424160,,9987423438,pya@fakemail.com,Indian,,,1985,36
121,Airline,,Vedika Manish Patil,,,,1976-12-20,Female,,705 Ashirwad Building C 3 Near Kabutar Khana RK Puram Delhi 110022,,"705,Ashirwad Building C-3,Near Kabutar Khana,RK Puram,Delhi-110022",0,0,0,0,400043458720.0,7417427441,vmp@fakemail.com,Indian,,,1976,45
122,Airline,,Tripathi Anirudh Shahil,,,,2001-01-15,Male,,H NO 01 Rani Laxmi Marg  Krishna Nagar Mumbai  Maharashtra 401208,,"H NO 01,Rani Laxmi Marg ,Krishna Nagar,Mumbai, Maharashtra,401208",0,0,0,0,59452142050.0,9357443923,tas@fakemail.com,Indian,,,2001,20
123,Airline,,Prajapati Khushi Akhilesh,,,,1985-09-11,Female,,2  1st Floor  West Row  Circus AvenueMahindra Nagar Borivali Maharashtra 400607,,"2, 1st Floor, West Row, Circus AvenueMahindra Nagar,Borivali,Maharashtra-400607",0,0,0,671147424160,,9720389378,pka@fakemail.com,Indian,,,1985,36
124,Airline,,Sanika Manish Gopale,,,,1976-12-20,Female,,4/996  Old Mahabalipuram Road RK Puram Delhi 110022,,"4/996, Old Meerut Road,RK Puram,Delhi-110022",0,0,0,0,455043458720.0,9114020122,smg@fakemail.com,Indian,,,1976,45
125,Airline,,Pingle Mayur Shahil,,,,1999-03-15,Male,,B/103  Asmita Cres  Nr Asmita Club Mumbai  Maharashtra 401208,,"B/103, Asmita Cres, Nr Asmita Club,Mumbai, Maharashtra,401208",0,0,0,0,51252142022.0,9357443932,pms@fakemail.com,Indian,,,1999,22
126,Airline,,Ambaliya Aachal Akhilesh,,,,1988-09-11,Female,,2  1st Floor  West Row  Circus AvenueMahindra Nagar Borivali Maharashtra 400607,,"2, 1st Floor, West Row, Circus AvenueMahindra Nagar,Borivali,Maharashtra-400607",0,0,0,604247424160,,9020389378,aa@fakemail.com,Indian,,,1988,33
127,Airline,,Deepa Mahesh Dhale,,,,1976-12-20,Female,,18  Civic Centre  Khandelwal Complex  Opp Prabhu Vandana Talkies Delhi 110022,,"18, Civic Centre, Khandelwal Complex, Opp Prabhu Vandana Talkies,Delhi-110022",0,0,0,0,455043458720.0,9014021457,dmd@fakemail.com,Indian,,,1976,45
128,Airline,,More Hitesh Shahil,,,,1986-04-21,Male,,330  Goshamahal Road  Begum Baza Nr Asmita Club Mumbai  Maharashtra 401208,,"330, Goshamahal Road, Begum Baza Nr Asmita Club,Mumbai, Maharashtra,401208",0,0,0,0,97252142075.0,9357443994,mhs@fakemail.com,Indian,,,1986,35
129,Airline,,Maniyar Saniya Akhil,,,,1988-07-24,Female,,Plot No 430A  Industrial Area  Phase II Borivali(East) Maharashtra 400607,,"Plot No 430A, Industrial Area, Phase II,Borivali(East),Maharashtra-400607",0,0,0,904247424169,,9020389317,msa@fakemail.com,Indian,,,1988,33
130,Airline,,Anita Manish Dhale,,,,1989-05-23,Female,,10  Patrakar Colony Rohni Sec 23 Delhi 110022,,"10, Patrakar Colony,Rohni Sec 23,Delhi-110022",0,0,0,0,455043458720.0,9014021451,amd@fakemail.com,Indian,,,1989,32
131,Airline,,Sharma Vishal Shailesh,,,,1986-04-21,Male,,111 Pettah Jn  Anayara Road Kolava Mumbai Maharashtra 431208,,"111,Pettah Jn, Anayara Road,Kolava,Mumbai Maharashtra,431208",0,0,0,0,97250002075.0,9357443004,svs@fakemail.com,Indian,,,1986,35
132,Airline,,Rathor Sikha Anuj,,,,1988-07-24,Female,,102 Truck Parking  AB Rd   Kharroad(East) Maharashtra 410607,,"102 Truck Parking, AB Rd, ,Kharroad(East),Maharashtra-410607",0,0,0,704247424146,,9020389300,rsa@gamil.com,Indian,,,1988,33
133,Airline,,Anju Mahendra Singh,,,,1989-05-23,Female,,P2  Awadh Puri  Opposite Ram Mandir  Laxmi Nagar Delhi 110034,,"P2, Awadh Puri, Opposite Ram Mandir, Laxmi Nagar,Delhi-110034",0,0,0,0,455043458720.0,9966021451,ams@fakemail.com,Indian,,,1989,32
134,Airline,,Shirke Vaasu Satish,,,,1986-05-21,Male,,Plot No 51 A  Ranjana Enclav Kolava Mumbai Maharashtra 431208,,"Plot No-51 A, Ranjana Enclav,Kolava,Mumbai Maharashtra,431208",0,0,0,0,97251102071.0,9300443004,shv@fakemail.com,Indian,,,1986,35
135,Airline,,Rathor Shivani Aniket,,,,1986-08-24,Female,,B 89  New Vishwakarma Nagar Kharroad(East) Maharashtra 410607,,"B,89, New Vishwakarma Nagar,Kharroad(East),Maharashtra-410607",0,0,0,704247400146,,9027389307,rsa@gamil.com,Indian,,,1986,35
136,Airline,,Aakriti Mohit Sonar,,,,1988-05-23,Female,,120 Okay PLUS House  Kiran Path  Suraj Nagar Laxmi Nagar Delhi 110734,,"120,Okay PLUS House, Kiran Path, Suraj Nagar,Laxmi Nagar,Delhi-110734",0,0,0,0,488043400720.0,9006021451,am@fakemail.com,Indian,,,1988,33
137,Airline,,Thakkar Daksh Satish,,,,1986-06-21,Male,,8/9  Shreeji Estate  Veraval Main Rd  Opp Sumangal Casting Kolava Mumbai Maharashtra 441204,,"8/9, Shreeji Estate, Veraval Main Rd, Opp Sumangal Casting,Kolava,Mumbai Maharashtra,441204",0,0,0,47251102041,,9879552725,td@fakemail.com,Indian,,,1986,35
138,Airline,,Choubey Jyoti Ankit,,,,1986-09-24,Female,,B 33  Site   1  B S Road IndlArea Kharroad(East) Maharashtra 410637,,"B 33, Site - 1, B S Road IndlArea,Kharroad(East),Maharashtra-410637",0,0,0,204247400142,,8027389308,caj@fakeail.com,Indian,,,1986,35
139,Airline,,Pooja Mahipal Sonar,,,,1988-05-14,Female,,13/17  4th Floor  Kanchan Bhawan Suraj Nagar Laxmi Nagar Delhi 110630,,"13/17, 4th Floor, Kanchan Bhawan,Suraj Nagar,Laxmi Nagar,Delhi-110630",0,0,0,388043400723,,6006021456,pms@fakemail.com,Indian,,,1988,33
140,Airline,,Thakkar Ranvir Satish,,,,1986-02-21,Male,,Plot No 25  Institutional Area Sec 13 Kolava Mumbai Maharashtra 441224,,"Plot No 25, Institutional Area,Sec 13,Kolava,Mumbai Maharashtra,441224",0,0,0,47991102041,,9879952725,trs@fakemail.com,Indian,,,1986,35
141,Airline,,Keshwa Asmita Anurudh,,,,1986-09-24,Female,,38  Avishkar Complex  Old Padra Road Kharroad(East) Maharashtra 410637,,"38, Avishkar Complex, Old Padra Road,Kharroad(East),Maharashtra-410637",0,0,0,204997400142,,8997389308,kaa@gmail.com,Indian,,,1986,35
142,Airline,,Beena Mahesh Samuel,,,,1988-05-24,Female,,461  Apmc Mkt   1  central Facility Bldg No  Phase 2  Sector 19  Laxmi Nagar Delhi 110630,,"461, Apmc Mkt - 1 ,central Facility Bldg No, Phase 2, Sector 19, Laxmi Nagar,Delhi-110630",0,0,0,388993400723,,6099021456,bms@fakemail.com,Indian,,,1988,33
143,Airline,,Variava Rishi Satish,JitendraVariava,Sarita Variava,,1986-02-21,Male,,1301 Maa Enrich Jangla Nagar Near Bank of Maharashtra Kolava Mumbai Maharashtra 441224,,"1301,Maa Enrich,Jangla Nagar,Near Bank of Maharashtra,Kolava,Mumbai Maharashtra,441224",0,0,0,306091102041,,9873652725,vrs@fakemail.com,Indian,,,1986,35
144,Airline,,Variava Riddhi Anurudh,JitendraVariava,,,1986-09-24,Female,,204  Nimbalkar Chambers  Kharivav Road  Dandia Bazar Vidyavihar(East) Maharashtra 410637,,"204, Nimbalkar Chambers, Kharivav Road, Dandia Bazar,Vidyavihar(East),Maharashtra-410637",0,0,0,308997400142,,8995089308,var@fakemail.com,Indian,,,1986,35
145,Airline,,Vrushti Mahesh Limbachiya,Mahesh Limbachiya,,,1988-05-24,Female,,205  Hari Om Nagar Sector 21  Plot No 8   Nirman Vihar Delhi 110632,,"205, Hari Om Nagar Sector 21, Plot No 8,, Nirman Vihar,Delhi-110632",0,0,0,346993400723,,6099501456,vml@fakemail.com,Indian,,,1988,33
146,Airline,,Variava Janhit Chandrapal,Chandrapal Variava,Sarita Variava,,1986-02-27,Male,,12  1st Fl  174  Gold Mohur  Princess Street  Chira Bazar  Kolava Mumbai Maharashtra 331224,,"12, 1st Fl, 174, Gold Mohur, Princess Street, Chira Bazar ,Kolava,Mumbai Maharashtra,331224",0,0,0,646091102041,,6473652725,vjc@gmail.com,Indian,,,1986,35
147,Airline,,Sharma Sarika Dinesh,Dinesh Sharma,,,1989-09-24,Female,,204  Nimbalkar Chambers  Kharivav Road  Dandia Bazar Vidyavihar(East) Maharashtra 410637,,"204, Nimbalkar Chambers, Kharivav Road, Dandia Bazar,Vidyavihar(East),Maharashtra-410637",0,0,0,648997400142,,6495089308,ss@fakemail.com,Indian,,,1989,32
148,Airline,,Vaishali Srikant Limbachiya,Srikant Limbachiya,,,1990-05-24,Female,,1  Jawahar Kunj  Daftari Road  Shivaji Chowk  Nirman Vihar Delhi 110655,,"1, Jawahar Kunj, Daftari Road, Shivaji Chowk, Nirman Vihar,Delhi-110655",0,0,0,646993400723,,6499501456,vsl@fakemail.com,Indian,,,1990,31
149,Airline,,Mathur Manoj Vivek,Vivek Mathur,Anjli Mathur,,1986-02-27,Male,,911  Tulsiani Chambers   Kolava Mumbai Maharashtra 331224,,"911, Tulsiani Chambers, ,Kolava,Mumbai Maharashtra,331224",0,0,0,646091102432,,4323652725,mmv@fakemail.com,Indian,,,1986,35
150,Airline,,Jain Sarika Deepak,Deepak Jain,,,1989-09-24,Female,,79  M G Road  Raja Rammohan Roy Vidyavihar(East) Maharashtra 410637,,"79, M G Road, Raja Rammohan Roy Vidyavihar(East),Maharashtra-410637",0,0,0,648997400432,,4325089308,jsd@fakemail.com,Indian,,,1989,32
151,Airline,,Vaishali Srikant Verma,Srikant Verma,,,1991-07-26,Female,,149/1  M K Hardware  H Cross Sampige Main Road Shivaji Chowk  Nirman Vihar Delhi 110655,,"149/1, M K Hardware, H Cross Sampige Main Road,Shivaji Chowk, Nirman Vihar,Delhi-110655",0,0,0,646993400432,,4329501456,vsv@fakemail.com,Indian,,,1991,30
152,Airline,,Verma Akash Vivek,Vivek Verma,Anjli Verma,,1987-02-27,Male,,56  1st Floor  Ahmed Oomerbhai Bldg   Kolava Mumbai Maharashtra 331222,,"56, 1st Floor, Ahmed Oomerbhai Bldg, ,Kolava,Mumbai Maharashtra,331222",0,0,0,536091102432,,4323652536,mmv@fakemail.com,Indian,,,1987,34
153,Airline,,Jain Priyanka Deepak,Deepak Jain,,,1984-09-24,Female,,53  Mukhram Kanoria Road Vidyavihar(East) Maharashtra 410637,,"53, Mukhram Kanoria Road,Vidyavihar(East),Maharashtra-410637",0,0,0,536997400432,,4325089536,jsd@fakemail.com,Indian,,,1984,37
154,Airline,,Tanu Srikant Verma,Srikant Verma,,,1995-07-26,Female,,710 Nr Hira Monica Marriage Pirit Vihar Delhi 110655,,"710,Nr Hira Monica Marriage Pirit Vihar,Delhi-110655",0,0,0,536993400432,,4329501536,vsv@fakemail.com,Indian,,,1995,26
155,Airline,,Verma Aakshit Kapil,Kapil Verma,Sushma Verma,,1985-02-27,Male,,D 9  Shah Ind Area  New Chandra  Veera Desai Rd  Kolava Mumbai Maharashtra 331222,,"D-9, Shah Ind Area, New Chandra, Veera Desai Rd ,Kolava,Mumbai Maharashtra,331222",0,0,0,536091102000,,9323652536,vak@fakemail.com,Indian,,,1985,36
156,Airline,,Jain Pankaj Dilip,Dilip Jain,,,1984-09-21,Male,,B/3 Rajhansa Soceity  Near Best Depot Vidyavihar(East) Maharashtra 410637,,"B/3 Rajhansa Soceity, Near Best Depot Vidyavihar(East),Maharashtra-410637",0,0,0,536997400400,,9325089536,jpd@fakemail.com,Indian,,,1984,37
157,Airline,,Abhinash Suraj Verma,Suraj Verma,,,1995-07-21,Male,,710 Nr Hira Monica Marriage Pirit Vihar Delhi 110655,,"710,Nr Hira Monica Marriage Pirit Vihar,Delhi-110655",0,0,0,536993400310,,9129501536,asv@fakemail.com,Indian,,,1995,26
158,Airline,,Verma Vivek Kapil,Anil Verma,Rani Verma,,1984-01-21,Male,,678/2 Chak Raghunath  Jhilmil ColonyKolava Mumbai Maharashtra 331222,,"678/2 Chak Raghunath, Jhilmil ColonyKolava,Mumbai Maharashtra,331222",0,0,0,706091102000,,5523652536,vv@fakemail.com,Indian,,,1984,37
159,Airline,,Jain Rajiv Vijay,Vijay Jain,,,1984-09-17,Male,,671a  Railway Quarter Vidyavihar(East) Maharashtra 410637,,"671a, Railway Quarter,Vidyavihar(East),Maharashtra-410637",0,0,0,706997400400,,5525089536,jrv@fakemail.com,Indian,,,1984,37
160,Airline,,Ankur Suraj Verma,Suraj Verma,,,1995-07-14,Male,,67a Hewat Road  Pirit Vihar Delhi 110655,,"67a Hewat Road, Pirit Vihar,Delhi-110655",0,0,0,706993400310,,5529501536,asv@fakemail.com,Indian,,,1995,26
161,Airline,,Tapkire Amar Babalu,Babalu Tapkire,Rani Tapkire,,1984-01-21,Male,,1195 Fergusson Col  Tukaram Padulka Kolava Mumbai Maharashtra 331222,,"1195 Fergusson Col, Tukaram Padulka Kolava,Mumbai Maharashtra,331222",0,0,0,706091102750,,5843652531,ta@fakemail.com,Indian,,,1984,37
162,Airline,,Gupta Amit Vijay,Vijay Gupta,,,1984-09-17,Male,,67  Hemu Classic Bldg  S V Road Vidyavihar(East) Maharashtra 414637,,"67, Hemu Classic Bldg, S V Road,Vidyavihar(East),Maharashtra-414637",0,0,0,706997475400,,8325089543,gav@fakemail.com,Indian,,,1984,37
163,Airline,,Shubham Ankit Tapkire,Ankit Tapkire,,,1995-08-14,Male,,10  Konkan Nagar  Hit Niketan J M RdPirit Vihar Delhi 110622,,"10, Konkan Nagar, Hit Niketan J M RdPirit Vihar,Delhi-110622",0,0,0,706993475310,,8329501537,sat@fakemail.com,Indian,,,1995,26
164,Airline,,Tapkire Atul Balvir,Balvir Tapkire,Rajkumari Tapkire,,1984-01-21,Male,,145 Fergusson Col  Tukaram Padulka Kolava Mumbai Maharashtra 331222,,"145 Fergusson Col, Tukaram Padulka Kolava,Mumbai Maharashtra,331222",0,0,0,736091102753,,7143652531,ta@fakemail.com,Indian,,,1984,37
165,Airline,,Gupta Ankit Vijay,Vijay Gupta,,,1984-09-17,Male,,475  S V Road Vidyavihar(East) Maharashtra 414637,,"475  S V Road,Vidyavihar(East),Maharashtra-414637",0,0,0,736997475403,,7125089543,gav@fakemail.com,Indian,,,1984,37
166,Airline,,Kapil Ankit Tapkire,Ankit Tapkire,,,1995-08-14,Male,,101  Konkan Nagar J M Rd  Pirit Vihar Delhi 110622,,"101, Konkan Nagar,J M Rd, Pirit Vihar,Delhi-110622",0,0,0,726993475310,,7129501537,kat@fakemail.com,Indian,,,1995,26
167,Airline,,Soni Abhishek Kapil,Kapil Soni,Jaidevi Soni,,1984-04-21,Male,,214  Ahata Meer Bukhari  S V Road Kolava Mumbai Maharashtra 431223,,"214, Ahata Meer Bukhari, S V Road Kolava,Mumbai Maharashtra,431223",0,0,0,122091102753,,7143122531,sak@gmail.com,Indian,,,1984,37
168,Airline,,Gupta Neeraj Akash,Akash Gupta,,,1989-09-17,Male,,46 Anusuya Apt Opp Rly Station Vidyavihar(East) Maharashtra 414057,,"46 Anusuya Apt,Opp Rly Station,Vidyavihar(East),Maharashtra-414057",0,0,0,731257475403,,7121269543,gna@fakemail.com,Indian,,,1989,32
169,Airline,,Adesh Neeraj Soni,Neeraj Soni,,,1991-08-14,Male,,112  Guru Nanak Pura  Civil LinesPirit Vihar Delhi 110022,,"112, Guru Nanak Pura, Civil LinesPirit Vihar,Delhi-110022",0,0,0,726993475123,,7112301537,ans@fakemail.com,Indian,,,1991,30
170,Airline,,Soni Pooja Kapil,Kapil Soni,Mithla Soni,,1984-04-21,Female,,186e  Bhai Randhir Singh N S V Road Kolava Mumbai Maharashtra 431223,,"186e, Bhai Randhir Singh N S V Road Kolava,Mumbai Maharashtra,431223",0,0,0,824091102753,,8243122531,spk@fakemail.com,Indian,,,1984,37
171,Airline,,Gupta Niharika Amit,Amit Gupta,,,1989-09-17,Female,,Plot No 430A  Industrial Area  Phase II Vidyavihar(East) Maharashtra 414057,,"Plot No 430A, Industrial Area, Phase II Vidyavihar(East),Maharashtra-414057",0,0,0,823257475403,,8241269543,gna@fakemail.com,Indian,,,1989,32
172,Airline,,Kavita Rajendra Soni,Rajendra  Soni,,,1991-08-14,Female,,Plot No 6  Sec 23  Krishi Bazaar Pirit Vihar Delhi 110022,,"Plot No 6, Sec-23, Krishi Bazaar Pirit Vihar,Delhi-110022",0,0,0,726993475824,,8242301537,krs@fakemail.com,Indian,,,1991,30
173,Airline,,Soni Aadha Kadam,Kadam Soni,Aditi Soni,,1985-05-22,Female,,109/1  Jagrati Vihar  Kolava Mumbai Maharashtra 431223,,"109/1, Jagrati Vihar  Kolava,Mumbai Maharashtra,431223",0,0,0,810091102753,,8243102531,sak@fakemail.com,Indian,,,1985,36
174,Airline,,Gupta Adya Keshav,Keshav Gupta,,,1990-10-17,Female,,H no 215 Radha Niketan Chowl Vidyavihar(East) Maharashtra 414057,,"H no 215 Radha Niketan Chowl Vidyavihar(East),Maharashtra-414057",0,0,0,801257475403,,8241201543,gak@fakemail.com,Indian,,,1990,31
175,Airline,,Amrita Neterpal Soni,Neterpal  Soni,,,1991-08-14,Female,,5 Manek Bhandari Compound karkarduma court Delhi 110022,,"5 Manek Bhandari Compound,karkarduma court,Delhi-110022",0,0,0,726013475824,,8240101537,ans@fakemail.com,Indian,,,1991,30
176,Airline,,Soni Kinjal Ajay,Ajay Soni,Mruthula Soni,,1987-05-22,Female,,60/60  Hughes Rd  N S Patkar Rd Churchgate Mumbai Maharashtra 431223,,"60/60, Hughes Rd, N S Patkar Rd,Churchgate,Mumbai Maharashtra,431223",0,0,0,0,688091102753.0,8243682531,ska@fakemail.com,Indian,,,1987,34
177,Airline,,Gupta Mrinal Manohar,Manohar Gupta,,,1992-10-17,Female,,No 18  Mission Street Vidyavihar(East) Maharashtra 414057,,"No 18, Mission Street Vidyavihar(East),Maharashtra-414057",0,0,0,671257475473,,6741271543,gmm@fakemail.com,Indian,,,1992,29
178,Airline,,Ketki Kushal Soni,Kushal  Soni,,,1993-08-14,Female,,110  Payal Complex  Nr Manubhai Tower karkarduma court Delhi 110022,,"110, Payal Complex, Nr Manubhai Tower,karkarduma court,Delhi-110022",0,0,0,666063475824,,6646101537,kks@fakemail.com,Indian,,,1993,28
179,Airline,,Joel Depti Arun,Arun Joel,Hema Joel,,1989-07-22,Female,,78 B  Pandurang Nivas Churchgate Mumbai Maharashtra 431223,,"78 B, Pandurang Nivas,Churchgate,Mumbai Maharashtra,431223",0,0,0,0,665091102755.0,6543682531,jda@fakemail.com,Indian,,,1989,32
180,Airline,,Gupta Rajani Ram,Ram Gupta,,,1992-11-17,Female,,112   D Scheme Ashok Marg Vidyavihar(East) Maharashtra 414057,,"112,  D-Scheme Ashok Marg Vidyavihar(East),Maharashtra-414057",0,0,0,666257475473,,6541271543,gr@fakemail.com,Indian,,,1992,29
181,Airline,,Vishakha Kapil Sharma,Kapil  Sharma,,,1993-08-14,Female,,136  3rd Floor  Sector 21c karkarduma court Delhi 113022,,"110, Payal Complex, Nr Manubhai Tower,karkarduma court,Delhi-110022",0,0,0,665663475824,,6546101537,vks@fakemail.com,Indian,,,1993,28
182,Airline,,Goyal Khushi Chandrapal,Chandrapal Goyal,Seema Goyal,,1982-10-11,Female,,4 /12 Triveni Nagar Cantt Churchgate Mumbai Maharashtra 400223,,"4 /12 Triveni Nagar Cantt,Churchgate,Mumbai Maharashtra,400223",0,0,0,0,2205091102755.0,5143682530,gkc@fakemail.com,Indian,,,1982,39
183,Airline,,Gupta Mousam Virjesh,Virjesh Gupta,,,1982-11-17,Female,,44  th Flr  Dluna Apts Vidyavihar(East) Maharashtra 410057,,"44  th Flr, Dluna Apts Vidyavihar(East),Maharashtra-410057",0,0,0,106257475073,,5141471543,gmv@fakemail.com,Indian,,,1982,39
184,Airline,,Nisha Ketan Jain,Ketan  Jain,,,1991-08-14,Female,,T 34 Stonedge Towers  3rd Floor  Laxmi nagar Delhi 112022,,"T-34 Stonedge Towers, 3rd Floor, Laxmi nagar Delhi-112022",0,0,0,105663475801,,5146151537,nkj@fakemail.com,Indian,,,1991,30
185,Airline,,Agarwal Arpita Hemant,Hemant Agarwal,Maya Agarwal,,1983-10-13,Female,,11 vijaya Towers Churchgate Mumbai Maharashtra 400223,,"11,vijaya Towers,Churchgate,Mumbai Maharashtra,400223",0,0,0,0,4405091102744.0,4043682530,aah@fakemail.com,Indian,,,1983,38
186,Airline,,Garg Hansika Balram,Balram Garg,,,1982-12-17,Female,,236 Ashirwad Ind Est  5 Ram Mandir Vidyavihar(East) Maharashtra 410057,,"236 Ashirwad Ind Est, 5 Ram Mandir Vidyavihar(East),Maharashtra-410057",0,0,0,316257475073,,4041471543,ghb@fakemail.com,Indian,,,1982,39
187,Airline,,Himanshi Nakul Teotia,Nakul  Teotia,,,1991-07-14,Female,,331 332  Azad Market  Laxmi nagar Delhi 112022,,"331-332, Azad Market, Laxmi nagar Delhi-112022",0,0,0,315663475831,,4046151537,hnt@fakemail.com,Indian,,,1991,30
188,Airline,,Mohan lal,S Sridhar Yadav,Ramkumari yadav,,1991-07-15,Male,,330 A b1   Dhanori  pune  411022,,"B 33, Site - 1, B S Road Indl Area,Aundh Pune-411008",ABC1234M,0,0,0,,4047235367,mohan@gmail.com,Indian,,,1991,30
