Sr._No.,KYC_Attributes,Surname,Name,Father_Name,Mother_Name,Spouse_Name,Date_of_Birth,Gender,Blood_Group,Home_Address,Office_Address,Communication_Address,PAN_no,Aadhar_no,Passport_no,BankAcDetails,CreditCard,Mobile_No,Email_Id,Nationality,Voter_Card_ID,DL,year_of_Birth,Age
1,Passport,Yadav,Ramcharan,Gopaldas Yadav,Sundari Devi Yadav,Meenakshi Yadav,1978-11-21,Male,AB+,House No  10  Narayana Nagar  Gaziyabad   110093 Uttar Pradesh,,"House No. 10, Rajas Society, Katraj, Pune - 411046 Maharashtra",ABCDE1234F,123456789101,J1234567,0,,0,,Indian,,,1978,43
2,Passport,Garade,Sheetal,Sudhri Garade,Sumati Garade,Vishal More,1981-04-10,Female,B+,Flat No  181  Arvind Apartment  Pimple Gurav  Pune   411005 Maharashtra,,"House No. 11, Nageshwar Society, Sahakarnagar, Pune - 411009 Maharashtra",ACEGI14321K,101998754321,J7654321,0,,9810000000,sheetal@gmail.com,Indian,,,1981,40
3,Passport,Jadhav,Bhushan,Gangadhar Jadhav,Subhadra Jadhav,Ashwini Jadhav,1976-12-20,Male,AB+,177  Rajas Society  Katraj  Pune   411046 Maharashtra,,"131/B, Mauli Niwas, Kasba Peth, Pune - 411011 Maharashtra",AEMPJ5584L,937257034246,A1234567,0,,9850068581,bhushanj@cdac.in,Indian,,,1976,45
4,Passport,Ramadugula,Sita Mahalakshmi,Kakaraparthy Sreeram Murthy,Kakaraparthy Tripura Sundari,Ramadugula Venkat Surya,1959-09-23,Female,,H  No  1 6 212/64/22  West Parsigutta  Hyderabad 500020 Andhra Pradesh,,"H. No. 10/15/20, Allipur, 502310 Andhra Pradesh",ABCDE4321F,102030405060,J8369854,0,,0,,Indian,,,1959,62
5,Passport,Yadav,Dinesh,Ram Yadav,Seeta Yadav,Vinesh Yadav,1990-09-21,Male,A-,House No  25  Neelaya Society  Auto Market  Hisar   125001 Haryana,,"Flat No. 60, Maharshi Nagar, Gurgaon - 122006 Haryana",APCPB6666G,605040302010,J4589638,0,,9370707070,dineshy@gmail.com,Indian,,,1990,31
6,Passport,Muzumdar,Sayana,Harish,Harshita,Aniket,1998-02-21,Female,B+,Flat No  104  Suvarnashilp  Apartment  Bandra  Mumbai   400113 Maharashtra,,"Flat No. 104, Suvarnashilp  Apartment, Bandra, Mumbai - 400113 Maharashtra",JPMEA8455L,222324252627,J2223241,0,,9811111111,Sayana@gmail.com,Indian,,,1998,23
7,Passport,Vaknis,Rishu,Anshul,Bhargavi,Manish,1980-07-18,Female,AB+,House No  3  Rajas Society  Katraj  Pune   411046  Maharashtra,,"House No. 3, Rajas Society, Katraj, Pune - 411046, Maharashtra",AJAKH1243B,191918181717,J1212123,0,,0,Rishu@gmail.com,Indian,,,1980,41
8,Passport,Heravdakar,Pandu,Sopan,Parvati,Poonam,1985-03-13,Male,O+,House No  75  Mahakaleshwar Society  Ujjain   456006  Madhya Pradesh,,"House No. 75, Mahakaleshwar Society, Ujjain - 456006, Madhya Pradesh",ABCPB3336G,202021212222,J1432532,0,,0,Pandu@gmail.com,Indian,,,1985,36
9,Passport,Marwah,Pranav,Himmat,Sejal,Pankaja,1981-08-31,Male,A+,74 /  Safex Centre  Poona Street  Masjid Bunder (east)  Mumbai   400009  Maharashtra,,"74 /, Safex Centre, Poona Street, Masjid Bunder (east), Mumbai - 400009, Maharashtra",AGAGC1234A,181920212223,J2143657,0,,2223701653,Pranav@gmail.com,Indian,,,1981,40
10,Passport,Punja,Sooraj,Aditya,Purva,Sunayna,1979-01-26,Male,B+,Crossing  Nazirabad  Kaiserbagh   Lucknow   226012  Uttar Pradesh,,"Crossing, Nazirabad, Kaiserbagh,  Lucknow - 226012, Uttar Pradesh",ACACG5287F,321569857412,J9876543,0,,5222227320,Sooraj@gmail.com,Indian,,,1979,42
11,Passport,Gurnani,Amar,Ajay,Uma,Sukanya,1984-08-15,Male,AB+,GS Rd  Ganeshguri Chariali  Nr Beekay Tower   Guwahati   781006  Assam,,"GS Rd, Ganeshguri Chariali, Nr Beekay Tower,  Guwahati - 781006, Assam",ARARE1324G,989796959493,J5476980,0,,9207040196,Amar@gmail.com,Indian,,,1984,37
12,Passport,Padagavakar,Prem,Atul,Maya,Samrudhi,1979-09-07,Male,O+,520  B   Ludhiana   141002  Punjab,,"520  B,  Ludhiana - 141002, Punjab",AWAWQ2143R,959697989192,J9807650,0,,1612444717,Prem@gmail.com,Indian,,,1979,42
13,Passport,Banahatti,Sunder,Shankar,Jayalakshmi,Saumya,1985-02-05,Male,AB+,41   Trimurti Bldg  Comercial Centre  New Friends Colony  Delhi 110065  Delhi,,"41 , Trimurti Bldg, Comercial Centre, New Friends Colony, Delhi 110065, Delhi",AQAWR3214Q,252724262829,J3564789,0,,1126843280,Sunder@gmail.com,Indian,,,1985,36
14,Passport,Chadda,Jwala,Jaikishan,Jaya,Vishal,1989-06-25,Female,B-,Flat No  144  Sejal Arcade  Malad  Mumbai   400007  Maharashtra,,"Flat No. 144, Sejal Arcade, Malad, Mumbai - 400007, Maharashtra",ABABC7532D,787974757376,J6758493,0,,9711111111,Jwala@gmail.com,Indian,,,1989,32
15,Passport,Sunder,Aaloak,Biren Sunder,Aarti Sunder,Nikita Sunder,1978-11-20,Male,AB+,19  Hrishikesh Society  RadhaPur Ranchi   296512  Jharkhand,,"19, Hrishikesh Society, RadhaPur Ranchi - 296512, Jharkhand",AASRC3214Q,123456889010,J4588637,0,,9800000010,Aaloak@fakemail.com,Indian,,,1978,43
16,Passport,Basak,Aarav,Tarun Basak,Urvashi Basak,Alka Basak,1990-10-22,Male,AB+,97  Radhika Nagar  Rajkot   307271  Gujarat,,"97, Radhika Nagar, Rajkot - 307271, Gujarat",SKGKW7532D,227111334455,J2188235,0,,9825232123,,Indian,,,1990,31
17,Passport,Agarwal,Abhay,Pran Agarwal,Nilam Agarwal,Abha Agarwal,1981-08-28,Male,AB+,Abids  Tilak Road  Hyderabad  500001  Andhra Pradesh,,"Abids, Tilak Road, Hyderabad, 500001, Andhra Pradesh",CDGFH1243B,666554332211,J3524788,0,,4024755216,Abhay@fakemail.com,Indian,,,1981,40
18,Passport,Purohit,Alisha,Jai Chaudhari,Aruna Chaudhari,Aniket Purohit,1979-10-20,Female,AB+,Sai Vandan Apt Nr Lokmanya Bus Depot  Gala No 9 Davale Nagar  Jekegram  Mumbai  400606  Maharashtra,,"Sai Vandan Apt Nr Lokmanya Bus Depot, Gala No.9 Davale Nagar, Jekegram, Mumbai, 400606, Maharashtra",COEPE1234F,201022405060,J2231242,0,,2225884625,Alisha@fakemail.com,Indian,,,1979,42
19,Passport,Gurnani,Amar,Ajay,Uma,Sukanya,1984-08-15,Male,AB+,GS Rd  Ganeshguri Chariali  Nr Beekay Tower   Guwahati   781006  Assam,,"GS Rd, Ganeshguri Chariali, Nr Beekay Tower,  Guwahati - 781006, Assam",ARARE1324G,989796959493,J5476980,0,,9207040196,Amar@gmail.com,Indian,,,1984,37
20,Passport,Ranganathan,Amrita,Sivakumar Subramanian,Lakshmi Subramanian,Amrut,1985-02-05,Female,AB+,11  Uttaradimuttrd nrnationalcllge  Basavanagudi  Banglore 560004  Karnataka,,"11, Uttaradimuttrd,nrnationalcllge, Basavanagudi, Banglore 560004, Karnataka",AQHWR3214Q,899091929394,J3569089,0,,26672227,Amrita@Fakemail.com,Indian,,,1985,36
21,Passport,Singh,Anand,Lakshmana,Sarojini,Leela Singh,1998-02-21,Male,AB+,1st Floor  18 A  Patel Shopping Center  Sainath Road  Malad(w)  Mumbai  400062  Maharashtra,,"1st Floor, 18 A, Patel Shopping Center, Sainath Road, Malad(w), Mumbai, 400062, Maharashtra",DELPJ5584L,655544332211,J1432535,0,,2228813066,,Indian,,,1998,23
22,Passport,Brahmbhatt,Malati,Mayur Srivastava,Padma Srivastava,Mahesh Brahmbhatt,1984-04-13,Female,O+,311 d  Nathala Bhavan  L B S Marg  Ghatkopar (west)  Mumbai  400086  Maharashtra,,"311-d, Nathala Bhavan, L B S Marg, Ghatkopar (west), Mumbai, 400086, Maharashtra",DYBTB8455L,331112245566,J9897611,0,,99000 00010,Malati@fakemail.com,Indian,,,1984,37
23,Passport,Patel,Manjusha,Kailash Kher,Rashmi Kher,Mahesh Patel,1990-07-21,Female,A-,10/172  G N Mills Pos  Koundampalayam  Coimbatore  641029  Tamil Nadu,,"10/172, G N Mills Pos, Koundampalayam, Coimbatore, 641029, Tamil Nadu",DECNG5584L,655543632211,J1443535,0,,9800098000,Manjusha@fakemail.com,Indian,,,1990,31
24,Passport,Singh,Manoj,Arjuna,Akshara,Alia Singh,1990-10-25,Male,AB+,21  Anand Indl Estate  M S Road  Wagle Estate  Thane(w)  Mumbai  400604  Maharashtra,,"21, Anand Indl Estate, M S Road, Wagle Estate, Thane(w), Mumbai, 400604, Maharashtra",SKGBC7532D,227711334455,J2128235,0,,9890111198,,Indian,,,1990,31
25,Passport,Bhatia,Mohandas,Abhiram Bhatia,Isha Bhatia,Kasturi Bhatia,1997-05-21,Male,AB+,521  Arneja Corner Gallery  Sec 17  Vashi  Mumbai  400705  Maharashtra,,"521, Arneja Corner Gallery, Sec 17, Vashi, Mumbai, 400705, Maharashtra",LCKER7654N,878896868585,J9979744,0,,2255912118,Mohandas@fakemail.com,Indian,,,1997,24
26,Passport,Narang,Mustafa,Prakash,Indu,Saanvi Narang,1979-09-07,Male,A+,67/69  Sea View Terrace  118 B wood House Road  Opp Chiragh Din  Colaba  Mumbai  400005  Maharashtra,,"67/69, Sea View Terrace, 118 B-wood House Road, Opp Chiragh Din, Colaba, Mumbai, 400005, Maharashtra",TRPNJ8743V,898887868584,J9808951,0,,2222151394,,Indian,,,1979,42
27,Passport,Dave,Naval,Kishor,Kishori,Sneha,1978-11-21,Male,AB+,501  Thacker Tower  Sector 17  Nr Saraswati Co Op Bank  Vashi Mumbai 400705 Maharashtra,,"501, Thacker Tower, Sector 17, Nr Saraswati Co Op Bank, Vashi Mumbai 400705 Maharashtra",AJCDE1234F,111213141516,J1235467,0,,2227894517,Naval@Fakemail.com,Indian,,,1978,43
28,Passport,Pandey,Navami,Anil Kamath,Mahamai Kamath,Navnath Pandey,1990-09-21,Female,AB+,8  Gr Floor  Esplanade East  Kolkata  700069  West Bengal,,"8, Gr Floor, Esplanade East, Kolkata, 700069, West Bengal",CIDDE1234F,201030405060,J2223242,0,,3322482576,,Indian,,,1990,31
29,Passport,Mane,Nilam,Kishor More,Kishori More,Nilesh,1959-09-23,Female,,Shop No 15  Sonarika  Nanubhai Desai Road  Girgaon  Mumbai 400004  Maharashtra,,"Shop No 15, Sonarika, Nanubhai Desai Road, Girgaon, Mumbai 400004, Maharashtra",0,113114115116,J1439532,0,,2223869031,Nilam@Fakemail.com,Indian,,,1959,62
30,Passport,Heravdakar,Pandu,Sopan,Parvati,Poonam,1985-03-13,Male,O+,House No  75  Mahakaleshwar Society  Ujjain   456006  Madhya Pradesh,,"House No. 75, Mahakaleshwar Society, Ujjain - 456006, Madhya Pradesh",0,202021212222,J1432532,0,,0,Pandu@gmail.com,Indian,,,1985,36
31,Passport,Nijasure,Peeyush,Narayan,Lakshmi,Purvi,1990-10-25,Male,A+,Flat No  28  Suvarna Apartment  Mahim  Mumbai   400111 Maharashtra,,"Flat No. 28, Suvarna Apartment, Mahim, Mumbai - 400111 Maharashtra",AEMPJ8455L,212223242526,J2122234,0,,9812121212,Peeyush@Gmail.com,Indian,,,1990,31
32,Passport,Marwah,Pranav,Himmat,Sejal,Pankaja,1981-08-31,Male,A+,74 /  Safex Centre  Poona Street  Masjid Bunder (east)  Mumbai   400009  Maharashtra,,"74 /, Safex Centre, Poona Street, Masjid Bunder (east), Mumbai - 400009, Maharashtra",AGAGC1234A,181920212223,J2143657,0,,2223701653,Pranav@gmail.com,Indian,,,1981,40
33,Passport,Dani,Prasad,Pallav Dani,Shanti Dani,Priya Dani,1981-04-19,Male,A+,36  Kothari Market  Kankaria  Ahmedabad  380022  Gujarat,,"36, Kothari Market, Kankaria, Ahmedabad, 380022, Gujarat",JKAKW7532D,227112334455,J2182235,0,,7925715196,Prasad@fakemail.com,Indian,,,1981,40
34,Passport,Ravel,Prasanna,Daanish Ravel,Pooja Ravel,Mukti Ravel,1985-02-09,Male,B+,63  Marathahalli  Kolkata   587436  West Bengal,,"63, Marathahalli, Kolkata - 587436, West Bengal",PCDBA8967V,899998878685,J3579080,0,,0,,Indian,,,1985,36
35,Passport,Malhotra,Devika,Aditya Mayadev,Manasa Mayadev,Motilal Malhotra,1985-03-13,Female,B+,240(271)  Lloyds Road  Royapettah  Chennai  600014  Tamil Nadu,,"240(271), Lloyds Road, Royapettah, Chennai, 600014, Tamil Nadu",JKPIU1020H,887799221133,J1438533,0,,4428130549,amd@gmail.com,Indian,,,1985,36
36,Passport,Rajagopalan,Devika,Amrit Sheth,Preshita Sheth,Vicky Rajagopalan,1981-08-29,Female,AB+,49  Nayan Nagar  Guwahati   471648  Assam,,"49, Nayan Nagar, Guwahati - 471648, Assam",UTKRE6766B,888655774433,J2248658,0,,0,dar@gmail.com,Indian,,,1981,40
37,Passport,Sawhney,Devika,Aniket Balan,Kavita Balan,Deven Sawhney,1983-07-15,Female,AB+,20  9 Main  Jayanagar  Bangalore  560011  Karnataka,,"20, 9 Main, Jayanagar, Bangalore, 560011, Karnataka",DELGC1234A,556644312211,J1232461,0,,26344617,Devika@fakemail.com,Indian,,,1983,38
38,Passport,Toor,Dinesh,Akhil Toor,Sonam Toor,Dipali Toor,1959-05-23,Male,O-,Wp 489  Shiv Market  Wazirpur  Delhi  110052  Delhi,,"Wp 489, Shiv Market, Wazirpur, Delhi, 110052, Delhi",PNGSK14321K,605045402011,J1213124,0,,1127225042,Dinesh@fakemail.com,Indian,,,1959,62
39,Passport,Chokshi,Anees,Abhinav,Kanak,Palak Chokshi,1990-10-25,Male,B-,A 3/15  Asaf Ali Road  Darya Ganj Delhi  110002  Delhi,,"A-3/15, Asaf Ali Road, Darya Ganj Delhi, 110002, Delhi",PNQGI14321K,605040302011,J1212124,0,,1123260547,ac@gmail.com,Indian,,,1990,31
40,Passport,Pandey,Anjana,Dheeraj Malviya,Aasiya Malviya,Arjuna Pandey,1980-07-18,Female,AB+,B 18  Vinco Chem  Ind  Estate  Panchal Road  Bhayander (east)  Mumbai  401105  Maharashtra,,"B-18, Vinco Chem. Ind. Estate, Panchal Road, Bhayander (east), Mumbai, 401105, Maharashtra",NURDE9089U,775544112233,J1218424,0,,2228185255,ap@gmail.com,Indian,,,1980,41
41,Passport,Kant,Anusha,Venkata Thakre,Ananya Thakre,Vishnu Kant,1985-03-13,Female,AB+,B 9  Aditya Apt  Chimpoly Road  Chikuwadi  Borivli (w)  Mumbai  400092  Maharashtra,,"B 9, Aditya Apt, Chimpoly Road, Chikuwadi, Borivli (w), Mumbai, 400092, Maharashtra",TPTRB6666G,112233445566,J9876544,0,,2228335835,akv@gmail.com,Indian,,,1985,36
42,Passport,Bahl,Apurva,Prabodh Mand,Chhavi Mand,Apurv Bahl,1969-09-06,Female,AB+,17  New No 18 a  Athipattan Street Chintadripet  Chennai  600002  Tamil Nadu,,"17, New No 18-a, Athipattan Street Chintadripet, Chennai, 600002, Tamil Nadu",NRCDE9089U,755554112233,J1128424,0,,44 - 28548166,Apurva@fakemail.com,Indian,,,1969,52
43,Passport,Bassi,Aravind,Charlie Roy,Basanti Roy,Himani Bassi,1980-07-18,Male,B+,33  Nishtha Villas  Farah Chowk Ahmedabad   481754  Gujarat,,"33, Nishtha Villas, Farah Chowk Ahmedabad - 481754, Gujarat",NAGSA4321F,442266678899,J2144620,0,,7744114411,abc@gmail.com,Indian,,,1980,41
44,Passport,Kelkar,Aravind,Indrajit Kelkar,Radha Kelkar,Abha Kelkar,1992-12-25,Male,A+,14  Sethi Ind Estate  10 E Suren Road  Andheri Kurla Road chakala  Andheri  Mumbai  400093  Maharashtra,,"14, Sethi Ind Estate, 10 E Suren Road, Andheri Kurla Road,chakala, Andheri, Mumbai, 400093, Maharashtra",NACBD4321F,445567678899,J2134656,0,,2226830698,Aravind@fakemail.com,Indian,,,1992,29
45,Passport,Singh,Pankaj,Mansingh Mathur,Seema Mathur,Archana Mathur,1989-01-25,Male,O+,A 404 Sai Sundram Nallasopara East Palghar Mumbai 401209,,A 404 Sai Sundram Nallasopara East Palghar Mumbai-401209,NACBD4521L,441567638899,J2134600,0,,0,pankajm@gmail.com,Indian,,,1989,32
46,Passport,Pai,Arjun,Rhitanshu,Rati,Ruhi Pai,1979-01-26,Male,A-,B/702  Sunlight Tower Bldg  S Vivekanand Rd  Dahisar  Mumbai  400068,,"B/702, Sunlight Tower Bldg, S Vivekanand Rd, Dahisar, Mumbai, 400068",BDGEA8455L,331122445566,J9807651,0,,2228914518,arr@gmail.com,Indian,,,1979,42
47,Passport,Srinivas,Aryan,Karthik Srinivas,Manjusha Srinivas,Aruna Srinivas,1985-05-05,Male,AB+,53/8  Magadi Main Road  Kamakshipalya  Bangalore  560079  Karnataka,,"53/8, Magadi Main Road, Kamakshipalya, Bangalore, 560079, Karnataka",CHNDK1324G,557666643322,A1234968,0,,23283107,Aryan@fakemail.com,Indian,,,1985,36
48,Passport,Shanker,Azhar,Ayush,Amandara,Shitala Shanker,1959-09-23,Male,O+,1501  15th Floor  Maker Chambers V  Nariman Point Mumbai  400021 Maharashtra,,"1501, 15th Floor, Maker Chambers V, Nariman Point Mumbai, 400021 Maharashtra",ATSBC7532D,109080706050,J2122235,0,,2222826439,asa@gmail.com,Indian,,,1959,62
49,Passport,Rattan,Bhavana,Akshay Anne,Kanti Anne,Bhavesh Rattan,1985-07-18,Female,AB+,1/22  Whs Timber Market  Kirti Nagar  Delhi  110015  Delhi,,"1/22, Whs Timber Market, Kirti Nagar, Delhi, 110015, Delhi",BTNPJ8455L,221123455566,J5467981,0,,011 - 55112543 ,Bhavana@fakemail.com,Indian,,,1985,36
50,Passport,Jadhav,Bhushan,Gangadhar Jadhav,Subhadra Jadhav,Ashwini Jadhav,1976-12-20,Male,AB+,177  Rajas Society  Katraj  Pune   411046 Maharashtra,,"131/B, Mauli Niwas, Kasba Peth, Pune - 411011 Maharashtra",AEMPJ5584L,937257034246,A1234567,0,,9850068581,bhushanj@cdac.in,Indian,,,1976,45
51,Passport,Rastogi,Brock,Samuel,Rita,Reema,1981-04-10,Male,B+,202  Anant Appartment  Siyapura  Raopura  Vadodara 390001  Gujarat,,"202, Anant Appartment, Siyapura, Raopura, Vadodara 390001, Gujarat",BKCDE9089U,105106107108,J2229341,0,,0,Brock@Fakemail.com,Indian,,,1981,40
52,Passport,Mehan,Chandni,Aman Jogalekar,Indira Jogalekar,Jamadagni Mehan,1984-08-15,Female,A-,24  Saban Complex  resrdblr 25  Opp Imperial Hotel  Residency Road  Bangalore  560025  Karnataka,,"24, Saban Complex, resrdblr-25, Opp Imperial Hotel, Residency Road, Bangalore, 560025, Karnataka",NABCG9854M,888786858483,J5478888,0,,0,cam@gmail.com,Indian,,,1984,37
53,Passport,Bhatti,Chetan,Mehul Bhatti,Usha Bhatti,Pinky Bhatti,1984-08-14,Male,A+,87  Bandra  Chennai   149650  Tamil Nadu,,"87, Bandra, Chennai - 149650, Tamil Nadu",CDDFH1243B,666544332211,J3544788,0,,4422331122,cmb@gmail.com,Indian,,,1984,37
54,Passport,Mehta,Chetan,Amir Mehta,Kusum Mehta,Aruna Mehta,1990-09-19,Male,O+,82  Borivali  Bhopal   539238  Madhya Pradesh,,"82, Borivali, Bhopal - 539238, Madhya Pradesh",UKGSK3214Q,117725554433,J4581139,0,,0,cak@gmail.com,Indian,,,1990,31
55,Passport,Naik,Chetan,Nirmal Naik,Preshita Naik,Komal Naik,1979-09-10,Male,A+,94  HeerPur  Alwar   199767  Rajasthan,,"94, HeerPur, Alwar - 199767, Rajasthan",TRHNJ8743V,898877868584,J9878951,0,,0,cnp@gmail.com,Indian,,,1979,42
56,Passport,Peri,Darshana,Jawahar Rao,Pushpa Rao,Aniruddh Peri,1998-03-21,Female,B-,70  Sumit Heights  Yerwada Bikaner   349205  Rajasthan,,"70, Sumit Heights, Yerwada Bikaner - 349205, Rajasthan",JKGKP4546O,337714445522,J2288342,0,,0,djp@gmail.com,Indian,,,1998,23
57,Passport,Kapadia,Deepak,Dinesh Kapadia,Savita Kapadia,Nupur Kapadia,1981-10-21,Male,O+,48  Heena Society  NareshGunj Udaipur   165226  Rajasthan,,"48, Heena Society, NareshGunj Udaipur - 165226, Rajasthan",ABSTC7532D,109090706050,J2122335,0,,0,ddk@gmail.com,Indian,,,1981,40
58,Passport,Chadha,Deepesh,Deelip,Dipti,Disha,1981-08-31,Male,A+,6  Maska Chawl  Sion Trombay Road  Near Yogi  Chembur  Mumbai 400071  Maharashtra,,"6, Maska Chawl, Sion Trombay Road, Near Yogi, Chembur, Mumbai 400071, Maharashtra",AGUGC1234A,656667686970,J2148657,0,,2225274668,Deepesh@Fakemail.com,Indian,,,1981,40
59,Passport,Apte,Pratik,Baalkrishan Apte,Aarti Apte,Pinky Apte,1979-01-20,Male,A-,36  Nitika Villas  Dadar Rajkot   283238  Gujarat,,"36, Nitika Villas, Dadar Rajkot - 283238, Gujarat",BDYTA8455L,331122245566,J9807611,0,,0,,Indian,,,1979,42
60,Passport,Padagavakar,Prem,Atul,Maya,Samrudhi,1979-09-07,Male,O+,520  B   Ludhiana   141002  Punjab,,"520  B,  Ludhiana - 141002, Punjab",AWAWQ2143R,959697989192,J9807650,0,,1612444717,Prem@gmail.com,Indian,,,1979,42
61,Passport,Bedi,Priyanka,Ram Sethi,Seeta Sethi,Manav,1981-04-10,Female,B+,116 sprdblr 2  S P Road  Banglore 560002  Karnataka,,"116,sprdblr-2, S P Road, Banglore 560002, Karnataka",ACNGI14321K,171819202122,J7657821,0,,22231982,Priyanka@Fakemail.com,Indian,,,1981,40
62,Passport,Thakur,Radha,Mohandas Sharaf,Vidya Sharaf,Radheya Thakur,1990-01-21,Female,O+,24/2 1  Sai Baba Mandir  Bangalore  560028  Karnataka,,"24/2,1, Sai Baba Mandir, Bangalore, 560028, Karnataka",0,887789921133,J2432533,0,,26761621,Radha@fakemail.com,Indian,,,1990,31
63,Passport,Kapur,Rajnish,Sumit Kapur,Prabha Kapur,Himani Kapur,1980-07-19,Male,AB+,25  Sushmita Heights  Kharadi Pilani   209647  Rajasthan,,"25, Sushmita Heights, Kharadi Pilani - 209647, Rajasthan",NPRDE9089U,755544112233,J1118424,0,,0,,Indian,,,1980,41
64,Passport,Ramadugula,Seeta Mahalakshmi,Kakaraparthy Sreeram Murthy,Kakaraparthy Tripura Sundari,Ramadugula Venkat Surya,1959-09-23,Female,,H  No  1 6 212/64/22  West Parsigutta  Hyderabad 500020 Andhra Pradesh,,"H. No. 10/15/20, Allipur, 502310 Andhra Pradesh",ABCDE4321F,102030405060,J8369854,0,,0,,Indian,,,1959,62
65,Passport,Yadav,Dinesh,Ram Yadav,Seeta Yadav,Vinesh Yadav,1990-09-21,Male,A-,House No  25  Neelaya Society  Auto Market  Hisar   125001 Haryana,,"Flat No. 60, Maharshi Nagar, Gurgaon - 122006 Haryana",APCPB6666G,605040302010,J4589638,0,,9370707070,dineshy@gmail.com,Indian,,,1990,31
66,Passport,Balakrishnan,Durga,Rohan Khosla,Devina Khosla,Shiv Balakrishnan,1978-09-07,Female,B+,27/28 Woods Road  Anna Salai  Chennai  600002  Tamil Nadu,,"27/28 Woods Road, Anna Salai, Chennai, 600002, Tamil Nadu",TPTHK5287F,777755443322,J7677782,0,,44 - 28523275,Durga@fakemail.com,Indian,,,1978,43
67,Passport,Kant,Falguni,Sunder Holkar,Draupati Holkar,Prakash Kant,1981-08-31,Female,O+,1/a  1  Vasanthnagar  Bangalore  560052,,"1/a, 1, Vasanthnagar, Bangalore, 560052",BOMPJ8455L,221133445566,J5476981,0,,41148057,fsk@gmail.com,Indian,,,1981,40
68,Passport,Thakkar,Gajendra,Vishnu,Kaumari,Krishna Thakkar,1989-06-25,Male,O+,E/103 a Simla House  51 b Nepeasea Road  August Kranti Marg  Mumbai  400036,,"E/103-a Simla House, 51-b Nepeasea Road, August Kranti Marg, Mumbai, 400036",OMGCG5287F,776655443322,J7657822,0,,2223688274,,Indian,,,1989,32
69,Passport,Bhatt,Gauransh,Mahesh,Parvati,Gauri,1990-09-21,Male,A-,87  Furniture Block  Kirti Nagar  Delhi 110015  Delhi,,"87, Furniture Block, Kirti Nagar, Delhi 110015, Delhi",APCRB6666G,353637383940,J4588138,0,,1151000138,Gauransh@Fakemail.com,Indian,,,1990,31
70,Passport,Subramanian,Gayatri,Mani Ranganathan,Rohini Ranganathan,Ganesh,1998-02-21,Female,B+,6/3 wareroad frazertown bangalore 5  Frazer Town  Banglore 560005  Karnataka,,"6/3,wareroad,frazertown,bangalore-5, Frazer Town, Banglore 560005, Karnataka",TRPJH8743V,125126127128,J5479880,0,,25300335,Gayatri@Fakemail.com,Indian,,,1998,23
71,Passport,Bali,Geetanjali,Ayush Bhavalakar,Chhaya Bhavalakar,Sharad Bali,1979-01-26,Female,O-,Narayan Bldg  Near Swami Narayan Temple  Dadar (c r )  Mumbai  400014  Maharashtra,,"Narayan Bldg, Near Swami Narayan Temple, Dadar (c.r.), Mumbai, 400014, Maharashtra",BCGER7654N,878786868585,J9878744,0,,2224124421,,Indian,,,1979,42
72,Passport,Menon,Giaan,Gopal,Chandika,Archita Menon,1976-12-20,Male,AB+,"313/31412  25  Musium Road
Bangalore  560025  Karnataka",,"313/31412, 25, Musium Road
Bangalore, 560025, Karnataka",AACSR3214Q,123456789010,J4589637,0,,22219261,,Indian,,,1976,45
73,Passport,D’Alia,Indira,Gagan Dvivedi,Lavanya Dvivedi,Ishwar D'Alia,1980-07-18,Female,B+,F 151  Main Road  Near Ambedkar Gate  Jagat Puri  Delhi  110051  Delhi,,"F-151, Main Road, Near Ambedkar Gate, Jagat Puri, Delhi, 110051, Delhi",NAGDE4321F,445566778899,J2143656,0,,1122503163,,Indian,,,1980,41
74,Passport,Singh,Indrani,Ranjit Sanyal,Chambeli Sanyal,Chatur Singh,1998-02-21,Female,B-,15/16mgrdrdblr 1  Mg Road  Bangalore  560001  Karnataka,,"15/16mgrdrdblr-1, Mg Road, Bangalore, 560001, Karnataka",JKGTP4546O,337711445522,J2228342,0,,25584415,,Indian,,,1998,23
75,Passport,Yadav,Rakhi,Bhima Yadav,Nehal Yadav,Rahul Yadav,1990-09-22,Female,B+,18/19  12  Btm Layout  Bangalore  560029  Karnataka,,"18/19, 12, Btm Layout, Bangalore, 560029, Karnataka",KUGWD3214Q,447722554433,J4588147,0,,7239239239,rakhi@gmail.com,Indian,,,1990,31
76,Passport,Hora,Inika,Aditya Sawhney,Riya Sawhney,Ramesh Hora,1976-12-21,Female,A+,88  Hinjewadi  Rajkot   503445  Gujarat,,"88, Hinjewadi, Rajkot - 503445, Gujarat",BRODK1324G,557666443322,A1233968,0,,0,,Indian,,,1976,45
77,Passport,Mistry,Iqbal,Abdul,Fiza,Riya,1976-12-20,Male,AB+,1 7 659/26/1  Opp luna High School  Ramnagar  Hyderabad 500044  Andhra Pradesh,,"1-7-659/26/1, Opp.luna High School, Ramnagar, Hyderabad 500044, Andhra Pradesh",LPKIU1020H,109110111112,J1219423,0,,4027669862,Iqbal@Fakemail.com,Indian,,,1976,45
78,Passport,Bora,Ishaan,Shivansh Bora,Disha Bora,Ishaanya Bora,1979-01-22,Male,B-,A 5  578  Jitendra Jame  J J Road  Matunga (c r)  Mumbai  400019  Maharashtra,,"A-5, 578, Jitendra Jame, J J Road, Matunga (c.r), Mumbai, 400019, Maharashtra",ALPNB3336G,445561123366,J6765492,0,,2224123396,Ishaan@fakemail.com,Indian,,,1979,42
79,Passport,Gola,Jaswant,Kulwant,Navjot,Neha,1980-07-18,Male,AB+,62 &63  Cp Ramasamy Road  Alwarpet  Chennai 600018  Tamil Nadu,,"62 &63, Cp Ramasamy Road, Alwarpet, Chennai 600018, Tamil Nadu",BDGAA8967V,129130131132,J9809950,0,,4424672435,Jaswant@Fakemail.com,Indian,,,1980,41
80,Passport,Bahri,Javed,Iqbal,Zareen,Jasmin,1981-08-31,Male,A+,4  Jeevanprem  Panchpakhadi  Thane (w) Mumbai 400602  Maharashtra,,"4, Jeevanprem, Panchpakhadi, Thane (w) Mumbai 400602, Maharashtra",POIUY8888C,137138139140,J6710193,0,,0,Javed@Fakemail.com,Indian,,,1981,40
81,Passport,Lad,Jayendra,Karthik Lad,Darika Lad,Jayashri Lad,1979-11-21,Male,AB+,701 Jupiter Bldg  Hiranandani(c)  A 4th Cross Lane  Lokhandwala  Andheri (west) Mumbai 400053  Maharashtra,,"701 Jupiter Bldg, Hiranandani(c), A 4th Cross Lane, Lokhandwala, Andheri (west) Mumbai 400053, Maharashtra",ABSRC3214Q,123456899010,J4587637,0,,2226312767,Jayendra@fakemail.com,Indian,,,1979,42
82,Passport,Dyal,Jayesh,Vishal Dyal,Diti Dyal,Jayashri Dyal,1988-08-31,Male,B-,Flat No 304 3rd Floor St No 10  D V Arcade Main Road  Himayath Nagar  Hyderabad  500029  Andhra Pradesh,,"Flat No 304 3rd Floor St No 10, D V Arcade Main Road, Himayath Nagar, Hyderabad, 500029, Andhra Pradesh",JKPBA8967V,889998878685,J3575080,0,,406677920,Jayesh@fakemail.com,Indian,,,1988,33
83,Passport,Chadda,Jwala,Jaikishan,Jaya,Vishal,1989-06-25,Female,B-,Flat No  144  Sejal Arcade  Malad  Mumbai   400007  Maharashtra,,"Flat No. 144, Sejal Arcade, Malad, Mumbai - 400007, Maharashtra",ABABC7532D,787974757376,J6758493,0,,9711111111,Jwala@gmail.com,Indian,,,1989,32
84,Passport,Dewan,Kajol,Bhima Sanyal,Shambhavi Sanyal,Om Dewan,1984-08-15,Female,A+,A 11  Naraina Indl Area  Delhi  110028  Delhi,,"A 11, Naraina Indl Area, Delhi, 110028, Delhi",CDCKH1243B,665544332211,J3564788,0,,1151417545,,Indian,,,1984,37
85,Passport,Chadha,Kalini,Krishna Bose,Urmi Bose,Tushar Chadha,1979-09-08,Female,B+,87  Kharadi  Raipur   305517  Chhattisgarh,,"87, Kharadi, Raipur - 305517, Chhattisgarh",ALGNB3336G,445511123366,J6755492,0,,0,,Indian,,,1979,42
86,Passport,Tata,Kalyani,Pratyush Murthy,Kirtida Murthy,Kalyan Tata,1979-01-19,Female,B+,Rto Main Road  Opp  Jhulelal Mandir  Varasia  Vadodara  390006  Gujarat,,"Rto Main Road, Opp. Jhulelal Mandir, Varasia, Vadodara, 390006, Gujarat",LCGKP4546O,337712445522,J2287342,0,,2652560454,Kalyani@fakemail.com,Indian,,,1979,42
87,Passport,Prakash,Kirti,Amrit Devdhar,Sukanya Devdhar,Bhima Prakash,1981-08-31,Female,AB+,127  A  Har Indl Est  Sun Mill Road  Lower Parel  Mumbai  400013  Maharashtra,,"127, A, Har Indl Est, Sun Mill Road, Lower Parel, Mumbai, 400013, Maharashtra",UTYRE6766B,886655774433,J2148658,0,,2224940351,,Indian,,,1981,40
88,Passport,Desai,Lakshmi,Binoya Kabra,Mukti Kabra,Javed Desai,1979-01-10,Female,O-,95  Alaknanda Villas  PreshitaGarh Ajmer   464375  Rajasthan,,"95, Alaknanda Villas, PreshitaGarh Ajmer - 464375, Rajasthan",BCNER7654N,878886868585,J9978744,0,,5600078879,,Indian,,,1979,42
89,Passport,Dutt,Lalita,Rahul Gayakwad,Aahana  Gayakwad,Navneet Dutt,1979-09-07,Female,B+,Jn2/5/a 2  Sector 10  Vashi  Mumbai  400703,,"Jn2/5/a-2, Sector 10, Vashi, Mumbai, 400703",ALFPB3336G,445511223366,J6758492,0,,2227896595,,Indian,,,1979,42
90,Passport,Dugal,Lina,Raghavan Dhingra,Nidhi Dhingra,Ram Dugal,1989-11-11,Female,AB+,10  Virar  Chennai   111334  Tamil Nadu,,"10, Virar, Chennai - 111334, Tamil Nadu",CEPDE1234F,201020405060,J2233242,0,,6342577898,,Indian,,,1989,32
91,Passport,Mathur,Akash,Santosh Mathr,Rajkurmari Mathur,Priti Mathur,1989-11-12,Male,AB+,17/18  Vihar  Muzaffarpur   111334  Bihar,,"17/18, Virar, Muzaffarpur - 111334, Bihar",CEPDE2143G,201020405010,J9137927,0,,4518699679,,Indian,,,1989,32
92,Passport,Rao,Arun,Jitendra Rao,Kavita Rao,Rani Rao,1985-12-22,Male,O+,Flat No 12 Sarita Vihar Bangalore 560003 Karnataka,,"Flat No 12,Sarita Vihar,Bangalore,560003,Karnataka",BYKQP7001C,411020405010,J5498883,0,,3758699681,,Indian,,,1985,36
93,Passport,Singh,Amar,Rajendra Singh,Kavita Singh,Suman Singh,1975-11-22,Male,AB-,H NO 11/1 Radha Nagar Bulandshahar 203001 Uttar Pradesh ,,"H NO 11/1 Radha Nagar Bulandshahar,203001,Uttar Pradesh ",EDPDE1143G,321020405010,J6494641,0,,0,,Indian,,,1975,46
94,Passport,Yadav,Seema,Rampal Yadav,Renu Yadav,Sita Yadav,1979-09-23,Female,B+,Plot No 25 Echelon Square  Sector 32 Gurgan 122001 Haryana,,"Plot No.25,Echelon Square, Sector,32,Gurgan-122001,Haryana",YBRQP7011C,221020405022,J8369854,0,,63655225239,sy@gmail.com,Indian,,,1979,42
95,Passport,Suman,Arun,Umardas Dinkar,Jaidevi Dinkar,Bhagayshree,1984-03-20,Male,A-,H NO 1111  Leelawati  Patoriya Jhansi 284001 Uttar Pradesh,,"H NO 1111, Leelawati, Patoriya Jhansi-284001,Uttar Pradesh",NBTQP4311C,241020405021,J0993353,0,,0,,Indian,,,1984,37
96,Passport,Panday,Neha,Rajeev Panday,Seema Panday,Ritika Panday,1982-03-16,Female,O+,S N 18/19 Lane No  3 Om Sai Ganesh Nagar  Pune 411006 Maharashatra,,"S.N.18/19 Lane No  3 Om Sai Ganesh Nagar  Pune,411006,Maharashatra",ABCDE0001F,102030405060,J0504966,0,,8274858530,np@gmail.com,Indian,,,1982,39
97,Passport,Sharma,Ranveer ,Arun Sharma,Vinita Sharma,Teena Sharma,1991-10-10,Male,B-,105  Upasana Nagar  Indore   381528  Madhya Pradesh,,"105, Upasana Nagar, Indore - 381528, Madhya Pradesh",PNSGK4575K,615044402066,J2639829,0,,6152422421,rsa@gmail.com,Indian,,,1991,30
98,Passport,Gangwar,Rajesh,Santosh Gangwar,Rita Gangwar,Vijeta Gangwar,1986-02-12,Male,A+,Flat No 17  Izzat Nagar Bareilly 243122 Uttar Pradesh,,"Flat No 17, Izzat Nagar,Bareilly,243122,Uttar Pradesh",QWERT3698Y,987789475869,J1042977,0,,5812413138,,Indian,,,1986,35
99,Passport,Dubey,Soni,Kapil Dubey,Sarita Dubey,Rakesh Dubey,1984-04-13,Female,AB+,76  Veena Society Mira Road(E) 401074 Mumabi Maharashatra,,"76, Veena Society,Mira Road(E),401074,Mumabi,Maharashatra",ASDFG5421G,298635523669,J0000005,0,,4768695876,dsk@gmail.com,Indian,,,1984,37
100,Passport,Pingle,Neha,Dinesh Pingle,Sarika Pingle,Raj Pingle,1987-09-05,Female,B+,Flat No 12 A Wing  Hiranandani estate Thane (E) Maharashtra,,"Flat No 12 A Wing, Hiranandani estate,Thane (E),Maharashtra",POIUY4758T,345768699632,J5049655,0,,0,,Indian,,,1987,34
101,Passport,Mistry,Kiran,Ramesh Mistry,Roopa Mistry,Reena Mistry,1980-03-10,Male,B+,Yogi COHS  B Wing  Flat No 202 60 Feet Road Vasai West 401202 Maharashtra,,"Yogi COHS, B Wing, Flat No 202,60 Feet Road Vasai West,401202,Maharashtra",ZAQWS3692C,874557488775,J1234567,0,,0,,Indian,,,1980,41
102,Passport,Singh,Gurjit,Harpreet Singh,Sonal Singh,Savita Singh,1980-03-12,Male,A+,SEC 21 2nd Floor  B Block Ranjit Avenue Amritsar Punjab 143001,,"SEC-21 2nd Floor ,B-Block Ranjit Avenue,Amritsar,Punjab,143001",BYTUS4000J,636968855664,L5033667,0,,72112231714,gs@yahoo.com,Indian,,,1980,41
103,Passport,Gupta,Janhit ,Vinod Gupta,Priti Gupta,Sarika Gupta,1980-05-15,Male,A-,H No 233 Gali No 1  Radha Nagar  Bulandshahar 203001 UttarPradesh,,"H No 233,Gali No 1, Radha Nagar, Bulandshahar,203001,UttarPradesh",KLMNJ4775L,801247155741,J2004824,0,,7120404548,gj@yahoo.com,Indian,,,1980,41
104,Passport,Sant,Reena,Roop Sant,Savita Sant,Rakesh Singh,1979-07-14,Female,A-,M Wing  H No 281 Sanjay Nagar  Ghaziabad 201003  Uttar Pradesh,,"M Wing, H No 281,Sanjay Nagar, Ghaziabad,201003, Uttar Pradesh",LOPIT6323Y,784875566325,J2412151,0,,5545575587,rss@gmial.com,Indian,,,1979,42
105,Passport,Singh,Kapil,Hetentra Singh,Rita Singh,Neelam Singh,1981-02-12,Male,B+,Ground Floor Flat No  10 Olympica Soc Basheerbagh Hyderabad 500001 Telangana,,"Ground Floor,Flat No, 10,Olympica Soc,Basheerbagh,Hyderabad-500001,Telangana",CABGH8745K,764774455883,J4041765,0,,0,,Indian,,,1981,40
106,Passport,Khanna,Rahul,Sudhir Khanna,Rekha Khanna,Sonika Khanna,1978-01-30,Male,B+,107 New Sama Rd Defence Colony Nr Chankeypuri Vadodara 390007 Gujarat,,"107,New Sama Rd,Defence Colony Nr Chankeypuri,Vadodara,390007,Gujarat",GFDSA7314J,710223322001,J2234826,0,,71220404548,rk@gmial.com,Indian,,,1978,43
107,Passport,Ravet,Sunil,Dhiraj Ravet,Neha Ravet,Nikita Ravet,1981-04-15,Male,AB+,503 Block B Shreejan Apartement Avanti Vihar New Raipur 492007 Chhatisgarh,,"503 Block B,Shreejan Apartement,Avanti Vihar,New Raipur,492007,Chhatisgarh",ZXCVB4882N,733223322147,J5452155,0,,5745575830,rs@gmail.com,Indian,,,1981,40
108,Passport,Suman,Deeplata,Balaram Suman,Priti Suman,Jitendra Suman,1981-06-14,Female,B+,678/2  Gali No 6  Mevalal ki Bagiya Jhilmil Colony  Naini  211001 Allahabad,,"678/2, Gali No 6, Mevalal ki Bagiya,Jhilmil Colony, Naini, 211001,Allahabad",MNVCB3665V,500477784452,J4141761,0,,7575767179,ds@gmail.com,Indian,,,1981,40
109,Passport,Mathur,Pankaj,Mansingh Mathur,Seema Mathur,Arachana Mathur,1987-10-25,Male,B+,59/D Simla House Nepeasea Road  August Kranti Marg  Mumbai  400036,,"59/D-Simla House,Nepeasea Road, August Kranti Marg, Mumbai, 400036",ZASXD1473J,414223322001,J3334826,0,,73230404549,pm@gmail.com,Indian,,,1987,34
110,Passport,Chopda,Rajeev,Mahesh Chopda,Rakhi Chopda,Rani Chopda,1979-06-08,Male,AB+,226 City Centre  Opp  Guru Nanak Bhawan  Near Bus Stand  Amritsar  Punjab 143001,,"226 City Centre, Opp, Guru Nanak Bhawan, Near Bus Stand, Amritsar, Punjab-143001",CVBZX2822M,454223322241,J5450150,0,,5775575851,rc@fakemail.com,Indian,,,1979,42
111,Passport,Jadhav,Ankur,Dinesh Jadhav,Aabha Jadhav,Deepa Jadhav,1976-12-20,Male,B+,Plot 16 Grount Floor  Amar Stambh Zone 1  MP Nagar Bhopal Madhya Pradesh 462016,,"Plot 16,Grount Floor, Amar Stambh,Zone 1, MP Nagar Bhopal,Madhya Pradesh-462016",KLVCB3665V,580477784453,J1541762,0,,7554233999,aj@fakemail.com,Indian,,,1976,45
112,Passport,Tiwari,Megha,Roop Tiwari,Manju Tiwari,Rajesh Tiwari,1976-04-15,Female,B+,34/35 Mathura Vihar  Nr Vijay Nagar  Kanchan Vihar Jabalpur  Madhya Pradesh 482002,,"34/35 Mathura Vihar, Nr Vijay Nagar, Kanchan Vihar Jabalpur, Madhya Pradesh-482002",SXDAA1473O,512223322003,J4534871,0,,9713099668,mt@fakemail.com,Indian,,,1976,45
113,Passport,Yadav,Mohit,Mahesh Yadav,Rani Yadav,Rakhi Yadav,1979-06-08,Male,AB+,Plot No26 7 Mantri Wadi S Vivekanand Road   Malad West Mumbai Maharashtra 400064,,"Plot No26-7 Mantri Wadi,S Vivekanand Road , Malad West,Mumbai,Maharashtra-400064",BZXCV7890N,752233222414,J5054154,0,,9920457846,my@gmail.com,Indian,,,1979,42
114,Passport,Kurmi,Ankur,Dinesh Kurmi,Aabha Kurmi,Dipa Kurmi,1976-12-20,Male,B+,Plot 125 Grount Floor  Amar Stambh Zone 1  Mohan Nagar Bhopal Madhya Pradesh 462016,,"Plot 125,Grount Floor, Amar Stambh,Zone 1, Mohan Nagar Bhopal,Madhya Pradesh-462016",CLVCB2541V,514477784453,J2541761,0,,7524237858,ka@gmail.com,Indian,,,1976,45
115,Passport,Tiwari,Pooja,Vijay Tiwari,Manju Tiwari,Hemandra Tiwari,1976-04-11,Female,B+,SN 06  Saket Commercial Complex  New Railway Road Gurgaon Haryana 122001,,"SN-06, Saket Commercial Complex, New Railway Road,Gurgaon,Haryana-122001",GTYUO1473E,630012244552,J6321456,0,,9213099668,pt@fakemail.com,Indian,,,1976,45
116,Passport,Malik,Mohit,Mahesh Malik,Rani Malik,Rakhi Malik,1979-06-18,Male,AB+,H No 26 Mantri Wadi S Vivekanand Road   Malad West Mumbai Maharashtra 400064,,"H No 26 Mantri Wadi,S Vivekanand Road , Malad West,Mumbai,Maharashtra-400064",QZXCV7890Q,700233222410,J5114154,0,,9920457821,mm@fakemail.com,Indian,,,1979,42
117,Passport,Saini,Kuldeep,Dipendra Saini,Anita Saini,Dipa Saini,1976-12-20,Male,B+,25 Grount Floor  Amar Stambh Zone 1  Mohan Nagar Bhopal Madhya Pradesh 462016,,"25,Grount Floor, Amar Stambh,Zone 1, Mohan Nagar Bhopal,Madhya Pradesh-462016",KLVCB5041V,523577784453,J20541763,0,,7524237850,kd@fakemail.com,Indian,,,1976,45
118,Passport,Gautam,Sarita,Ramesh Gautam,Mita Gautam,Pushpendra Gautam,1978-04-23,Female,A+,6 Jayshree  Shankar Soc Gultekdi  Pune  Maharashtra 411037,,"6 Jayshree, Shankar Soc,Gultekdi, Pune, Maharashtra,411037",KLJHL3693G,650001233212,J6415457,0,,24265335,sg@fakemail.com,Indian,,,1978,43
119,Passport,Singh,Nitin,Nilesh Singh,Rekha Singh,Neelam Singh,1982-01-15,Male,A+,250 Jatia Kahilipara Guwahati Assam 781019,,"250 Jatia,Kahilipara,Guwahati,Assam,781019",QZOOV8890Q,711233222410,J5334154,0,,3612382385,ns@fakemail.com,Indian,,,1982,39
120,Passport,Thakur,Rajnesh,Rajendra Thakur,Anita Thakur,Ranjana Thakur,1976-12-20,Male,B+,B 183 Rajaji Puram Lucknow Uttar Pradesh 226017,,"B-183,Rajaji Puram,Lucknow,Uttar Pradesh-226017",GHYTU4751K,563577784456,J71541763,0,,3475577817,rt@gmail.com,Indian,,,1976,45
121,Passport,Gautam,Nikita,Ramesh Gautam,Meena Gautam,Hemant Gautam,1981-05-15,Female,A+,6b Sultan Alam Road Tollygunge Kolkata West Bengal 700033,,"6b,Sultan Alam Road,Tollygunge,Kolkata,West Bengal-700033",BOPLK3693G,656501233212,J6725457,0,,9113099659,ng@fakemail.com,Indian,,,1981,40
122,Passport,Shah,Suraj,Rajveer Shah,Rekha Shah,Neelam Shah,1982-10-10,Male,A+,16/3 Jagannathan Road  Nungambakkam Chennai Tamil Nadu 600034,,"16/3 Jagannathan Road, Nungambakkam,Chennai,Tamil Nadu-600034",QZMBV6890E,766233622410,J5334198,0,,3612382385,ns@fakemail.com,Indian,,,1982,39
123,Passport,Kajla,Jitendra,Rajendra Kajla,Anita Kajla,Ranjana Kajla,1976-12-20,Male,B+,C 35 Udyogpuram Industrial Estate  Partapur Delhi Road Meerut Uttar Pradesh 250501,,"C-35,Udyogpuram Industrial Estate, Partapur,Delhi Road Meerut-Uttar Pradesh-250501",TUGHY2000U,547577784425,J74541740,0,,3175577811,jk@fakemail.com,Indian,,,1976,45
124,Passport,Satpal,Pawan,Rakesh Satpal,Manshi Satpal,Niraj Satpal,1981-06-15,Male,A+,16 Hari Om Heritage  Sector 21 Plot No8  Kharghar Navi Mumbai Maharashtra 410210,,"16,Hari Om Heritage, Sector 21,Plot No8, Kharghar,Navi Mumbai,Maharashtra-410210",LKBOP2692G,666551233215,J2325423,0,,2227742553,ps@fakemail.com,Indian,,,1981,40
125,Passport,Vora,Jay,Rajvir Vora,Renu Vora,Nilima Vora,1982-11-10,Male,A+,B/103 Asmita Cres  Nr Asmita Club  Naya Nagar Mira Road East  Thane Maharashtra 400008,,"B/103,Asmita Cres, Nr Asmita Club, Naya Nagar,Mira Road East, Thane,Maharashtra-400008",BVQZM6891D,766233622415,J5004198,0,,3888382391,jv@fakemail.com,Indian,,,1982,39
126,Passport,Sharma,Vardan,Rajendra Sharma,Anita Sharma,Ranjana Sharma,1976-12-20,Male,B+,C 35 Udyogpuram Industrial Estate  Partapur Delhi Road Meerut Uttar Pradesh 250501,,"C-35,Udyogpuram Industrial Estate, Partapur,Delhi Road Meerut-Uttar Pradesh-250501",HYTUG2123U,847577784485,J84541748,0,,3875577818,vs@fakemail.com,Indian,,,1976,45
127,Passport,Parab,Shabdantika,Rakesh Parab,Manshi Parab,Niraj Parab,1983-03-15,Female,O+,A/601 DSK Saraswati Vaishet Pada No 2 Anna Bhau Sathe Marg Malad East Mumbai Maharashtra 400097,,"A/601,DSK Saraswati,Vaishet Pada No 2 Anna Bhau Sathe Marg Malad East,Mumbai,Maharashtra-400097",UPBNG2692H,696540985651,J8325483,0,,9821678879,sp@fakemail.com,Indian,,,1983,38
128,Passport,Vora,Hasti,Rajvir Vora,Renu Vora,Nikhil Vora,1982-11-10,Female,AB+,H No 17 Sunder Prakash Co hsg society Jitendra Road  Near Ambika Mata Mandir Malad East Mumbai Maharashtra 400097,,"H No-17 Sunder Prakash Co.hsg.society,Jitendra Road, Near Ambika Mata Mandir,Malad East,Mumbai,Maharashtra-400097",YUIOP6891D,645817151021,J5664198,0,,8388382391,hv@fakemail.com,Indian,,,1982,39
129,Passport,Modi,Rikita,Rajendra Modi,Anita Modi,Dipak Modi,1976-12-20,Female,A-,Plot No F 7  Industrial Area  Phase 8 Mohali  Chandigarh  160055,,"Plot No F-7, Industrial Area, Phase 8 Mohali, Chandigarh, 160055",ZAQWE2123U,510859517690,J87541747,0,,9022728062,rm@fakemail.com,Indian,,,1976,45
130,Passport,Dhawan,Adwait,Anil Dhawan,Manisha Dhawan,Nilam Dhawan,2001-02-15,Male,O+,D/521 Visava CHS Haji Bapu Road Malad East Mumbai Maharasharat 400097,,"D/521,Visava CHS Haji Bapu Road Malad East,Mumbai,Maharasharat,400097",GUPBN2000K,242425148694,J8365485,0,,9898678879,ad@fakemail.com,Indian,,,2001,20
131,Passport,Khopar,Kanishka,Kaustubh Khopar,Richa Khopar,Nihal Khopar,1985-09-11,Female,AB+,A/33 Kailashchandra CHS LTD Mahindra Nagar Dayabhai Patel Road  Malad East Mumbai Maharashtra 400097,,"A/33,Kailashchandra CHS LTD,Mahindra Nagar,Dayabhai Patel Road, Malad East,Mumbai,Maharashtra-400097",OPYUI6825D,218768498264,J9876641,0,,8388002391,kk@gmail.com,Indian,,,1985,36
132,Passport,Shah,Yeshvi,Jignesh Shah,AnkitaShah,Dinesh Shah,1976-12-20,Female,A-,H No 21 Om Sai Krupa bldg Haji Bapu Road Malad East Mumbai 400097,,"H No 21,Om Sai Krupa bldg Haji Bapu Road Malad East,Mumbai-400097",ZWEAQ3698L,501347284954,J87546541,0,,9122728464,ys@fakemail.com,Indian,,,1976,45
133,Passport,Nayak,Dron,Sehul Nayak,Shwati Nayak,Dilip Nayak,2001-02-15,Male,B+,G 2 Sayani Chawl Ranisati Marg Opp Laxminarayan Temple Kandiwali Mumbai Maharashtra 400096,,"G-2,Sayani Chawl Ranisati Marg,Opp Laxminarayan Temple,Kandiwali,Mumbai,Maharashtra-400096",HTBVC2458L,689535853853,J8565455,0,,9757443910,dn@fakemail.com,Indian,,,2001,20
134,Passport,Prajapati,Yamini,Akhilesh Prajapati,Richa Prajapati,Nitin Prajapati,1985-09-11,Female,A+,"SP 21  Sector C  Chetan Vihar Colony  Aliganj
Lucknow  Uttar Pradesh  226024",,"SP 21, Sector C, Chetan Vihar Colony, Aliganj
Lucknow, Uttar Pradesh, 226024",OPKLT7875D,981731570841,J0076655,0,,9957423439,py@fakemail.com,Indian,,,1985,36
135,Passport,Patil,Vedika,Manish Patil,AnkitaPatil,Rajesh Patil,1976-12-20,Female,A-,705 Ashirwad Building C 3 Near Kabutar Khana Dhanji Wadi  Malad East Mumbai Maharashtra 400097,,"705,Ashirwad Building C-3,Near Kabutar Khana,Dhanji Wadi, Malad East,Mumbai,Maharashtra-400097",AREAQ4198L,924654039067,J87386817,0,,7707427477,vp@fakemail.com,Indian,,,1976,45
136,Passport,Tripathi,Anirudh,Shahil Tripathi,Simran Tripathi,Dhirandra Tripathi,2001-01-15,Male,AB+,H NO 01 Rani Laxmi Marg  Krishna Nagar Malad West Maharashtara 400085,,"H NO 01,Rani Laxmi Marg ,Malad West-Maharashtara-400085",BVCNT3030M,977296550040,J0065455,0,,9157443911,ts@fakemail.com,Indian,,,2001,20
137,Passport,Prajapati,Khushi,Akhilesh Prajapati,Richa Prajapati,NeerajPrajapati,1985-09-11,Female,A+,2  1st Floor  West Row  Circus Avenue Kolkata  West Bengal  700017,,"2, 1st Floor, West Row, Circus Avenue Kolkata, West Bengal, 700017",KLTOP3873D,971731570847,J2776631,0,,9920389399,kp@fakemail.com,Indian,,,1985,36
138,Passport,Gopale,Sanika,Manish Gopale,AnkitaGopale,RagvendraGopale,1976-12-20,Female,A+,4/996  Old Mahabalipuram Road Chennai  Tamil Nadu  600096,,"4/996, Old Mahabalipuram Road
Chennai, Tamil Nadu, 600096",EAQAR4598T,656522638231,J07386810,0,,9004020122,sg@fakemail.com,Indian,,,1976,45
139,Passport,Pingle,Mayur,Shahil Pingle,Simran Pingle,NehaPingle,1999-03-15,Male,AB+,B/103  Asmita Cres  Nr Asmita Club  Naya Nagar  Mira Road East Thane  Maharashtra  400008,,"B/103, Asmita Cres, Nr Asmita Club, Naya Nagar, Mira Road East
Thane, Maharashtra, 400008",CWENT3336M,917296552041,J6565455,0,,9157443900,ms@fakemail.com,Indian,,,1999,22
140,Passport,Ambaliya,Aachal,Akhilesh Ambaliya,Richa Ambaliya,Neeraj Ambaliya,1988-09-11,Female,A+,2nd Floor Centre Point  Above Pizza Hut  A  Block Sushant Lok I  Sector 28 Gurgaon  Haryana  122001,,"2nd Floor Centre Point, Above Pizza Hut, A- Block Sushant Lok-I, Sector 28
Gurgaon, Haryana, 122001",QPBVU4951H,627413507619,J6776874,0,,9020389399,aa@gmail.com,Indian,,,1988,33
141,Passport,Dhale,Deepa,Mahesh Dhale,AnkitaDhale,RajendraDhale,1976-12-20,Female,A+,18  Civic Centre  Khandelwal Complex  Opp Prabhu Vandana Talkies  Marhatal Jabalpur  Madhya Pradesh  482001,,"18, Civic Centre, Khandelwal Complex, Opp Prabhu Vandana Talkies, Marhatal
Jabalpur, Madhya Pradesh, 482001",XZAAR1598T,606522638230,J57386815,0,,9104020122,dm@fakemail.com,Indian,,,1976,45
142,Passport,More,Hitesh,Shahil More,Sikha More,NeetuMore,1986-04-21,Male,O+,330  Goshamahal Road  Begum Bazar Hyderabad  Andhra Pradesh  500012,,"330, Goshamahal Road, Begum Bazar
Hyderabad, Andhra Pradesh, 500012",WECNT5467M,917296455201,J78452114,0,,9157443991,hm@fakemail.com,Indian,,,1986,35
143,Passport,Maniyar,Saniya,Akhil Maniyar,Ritu Maniyar,Niraj Maniyar,1988-07-24,Female,O+,Plot No 430A  Industrial Area  Phase II Chandigarh  Chandigarh  160002,,"Plot No 430A, Industrial Area, Phase II
Chandigarh, Chandigarh, 160002",BVUQP6751H,627761941350,J5248874,0,,9020389384,sm@fakemal.com,Indian,,,1988,33
144,Passport,Dhale,Anita,Manish Dhale,ArchnaDhale,Rakesh Dhale,1989-05-23,Female,AB+,10  Patrakar Colony  Tandalja Road  Tandalja Road Vadodara  Gujarat  390015,,"10, Patrakar Colony, Tandalja Road, Tandalja Road Vadodara, Gujarat, 390015",AARXZ7598T,606823052263,J62856815,0,,9104020139,ad@fakemail.com,Indian,,,1989,32
145,Passport,Sharma,Vishal,Shailesh Sharma,Sania Sharma,NiharikaSharma,1986-04-21,Male,B+,111 Pettah Jn  Anayara Road  Pettah Junction Trivandrum  Kerala  695024,,"111,Pettah Jn, Anayara Road, Pettah JunctionTrivandrum, Kerala, 695024",MYTCU7126O,967296455261,J7845472,0,,9157003991,vs@fakemail.com,Indian,,,1986,35
146,Passport,Rathor,Sikha,Anuj Rathor,Renu Rathor,Navjot Rathor,1988-07-24,Female,O+,102 Truck Parking  AB Rd  Nr Ckd Dhaba  Dewas Naka Indore  Madhya Pradesh  452001,,"102 Truck Parking, AB Rd, Nr Ckd Dhaba, Dewas Naka,Indore, Madhya Pradesh, 452001",LUTVB5486M,697761941359,J8948879,0,,9020389384,sr@fakemail.com,Indian,,,1988,33
147,Passport,Singh,Anju,Mahendra Singh,Abhilasha Singh,Ravi Singh,1989-05-23,Female,A-,P2  Awadh Puri  Opposite Ram Mandir  Lalkothi Jaipur  Rajasthan  302001,,"P2, Awadh Puri, Opposite Ram Mandir, Lalkothi,Jaipur, Rajasthan, 302001",CHGBN7849K,686823052268,J62856701,0,,9104890139,as@fakemail.com,Indian,,,1989,32
148,Passport,Shirke,Vaasu,Satish Shirke,Sunita Shirke,Nirja Shirke,1986-05-21,Male,B+,Plot No 51 A  Ranjana Enclav  Pandey Layout Nagpur  Maharashtra  440425,,"Plot No-51 A, Ranjana Enclav, Pandey Layout Nagpur, Maharashtra, 440425",MYTZU7155H,967200055261,J7840072,0,,9007003991,vs@gmail.com,Indian,,,1986,35
149,Passport,Rathor,Shivani,Aniket Rathor,Rekha Rathor,Noval Rathor,1986-08-24,Female,O+,B 89  New Vishwakarma Nagar  Street No 1  Focal Point Ludhiana  Punjab  141010,,"B,89, New Vishwakarma Nagar, Street No 1, Focal Point Ludhiana, Punjab, 141010",KXTVB2686M,690761941350,J8900879,0,,9020380084,rs@fakemail.com,Indian,,,1986,35
150,Passport,Sonar,Aakriti,Mohit Sonar,Aabhas Sonar,RajeevSonar,1988-05-23,Female,A-,120 Okay PLUS House  Kiran Path  Suraj Nagar West  Civil LinesJaipur  Rajasthan  302006,,"120,Okay PLUS House, Kiran Path, Suraj Nagar West, Civil LinesJaipur, Rajasthan, 302006",OHGBN0849K,680003052268,J00856701,0,,9104000139,ma@fakemail.com,Indian,,,1988,33
151,Passport,Thakkar,Daksh,Sushil Thakkar,Savita Thakkar,Niharika Thakkar,1986-06-21,Male,B+,8/9  Shreeji Estate  Veraval Main Rd  Opp Sumangal Casting  SIDC Rd  Veraval Rajkot  Gujarat  360005,,"8/9, Shreeji Estate, Veraval Main Rd, Opp Sumangal Casting, SIDC Rd, Veraval Rajkot, Gujarat, 360005",TZUMY4572B,567205055261,J7846036,0,,9879552713,dt@fakemail.com,Indian,,,1986,35
152,Passport,Choubey,Jyoti,Ankit Choubey,Rekha Choubey,Nilesh Choubey,1986-09-24,Female,O+,B 33  Site   1  B S Road Indl Area  Kanpur  Uttar Pradesh  201001,,"B 33, Site - 1, B S Road Indl Area ,Kanpur, Uttar Pradesh, 201001",XTVKB7421K,290761941352,J9000879,0,,8020380088,jc@fakemail.com,Indian,,,1986,35
153,Passport,Sonar,Pooja,Mahipal Sonar,Abhilasha Sonar,Rajiv Sonar,1988-05-14,Female,A+,13/17  4th Floor  Kanchan Bhawan  Dadiseth Agiary Lane  Kalbadevi Mumbai  Maharashtra  400002,,"13/17, 4th Floor, Kanchan Bhawan, Dadiseth Agiary Lane, Kalbadevi Mumbai, Maharashtra, 400002",HGBON7849S,780003052267,J70856707,0,,6104000136,ps@fakemail.com,Indian,,,1988,33
154,Passport,Thakkar,Ranvir,Surendra Thakkar,Sarita Thakkar,Neelu Thakkar,1986-02-21,Male,B+,Plot No 25  Institutional Area Sector   32 Gurgaon   122001 ,,"Plot No 25, Institutional Area,Sector - 32 Gurgaon - 122001.",DYUMY3572Y,347205055261,J7849936,0,,9879992713,rt@fakemail.com,Indian,,,1986,35
155,Passport,Keshwa,Asmita,Anurudh Keshwa,Rakhi Keshwa,Rajvir Keshwa,1986-09-24,Female,O+,38  Avishkar Complex  Old Padra Road  Old Padra Road Vadodara  Gujarat  390015,,"38, Avishkar Complex, Old Padra Road, Old Padra Road,Vadodara, Gujarat, 390015",DVVKB7446V,340761941352,J9099879,0,,8020389988,ak@fakemail.com,Indian,,,1986,35
156,Passport,Samuel,Beena,Mahesh Samuel,Asmita Samuel,Krishan Samuel,1988-05-24,Female,A+,461  Apmc Mkt   1  central Facility Bldg No  Phase 2  Sector 19  Vashi  Navi Mumbai Mumbai  Maharashtra  400705,,"461, Apmc Mkt - 1 ,central Facility Bldg No, Phase 2, Sector 19, Vashi, Navi Mumbai Mumbai, Maharashtra, 400705",DGBON3849G,340003052267,J70996707,0,,9904000136,bs@fakemail.com,Indian,,,1988,33
157,Passport,Variava,Rishi,JitendraVariava,Sarita Variava,Kamna Variava,1986-02-21,Male,B+,1301 Maa Enrich Jangla Nagar Jitendra Road Dayabhai Patel Road Near Bank of Maharashtra Malad West Mumabi 400097,,"1301,Maa Enrich,Jangla Nagar Jitendra Road,Dayabhai Patel Road,Near Bank of Maharashtra,Malad West,Mumabi-400097",KLOPI4769L,292778198213,J3649936,0,,9832092713,vr@fakemail.com,Indian,,,1986,35
158,Passport,Variava,Riddhi,JitendraVariava,Rakhi Variava,Rajvir Variava,1986-09-24,Female,O+,204  Nimbalkar Chambers  Kharivav Road  Dandia Bazar Vadodara  Gujarat  390001,,"204, Nimbalkar Chambers, Kharivav Road, Dandia Bazar
Vadodara, Gujarat, 390001",KLJUY5872K,840175897308,J3099879,0,,8025389988,rv@fakemail.com,Indian,,,1986,35
159,Passport,Limbachiya,Vrushti,Mahesh Limbachiya,Riddhi Limbachiya,Krishan Limbachiya,1988-05-24,Female,A+,205  Hari Om Nagar Sector 21  Plot No 8  Kharghar Navi Mumbai  Maharashtra  410210,,"205, Hari Om Nagar Sector 21, Plot No 8, Kharghar Navi Mumbai, Maharashtra, 410210",KYHGT6325H,824223252628,J30996707,0,,9904500136,vl@fakemail.com,Indian,,,1988,33
160,Passport,Variava,Janhit,Chandrapal Variava,Sarita Variava,Khushi Variava,1986-02-27,Male,B+,12  1st Fl  174  Gold Mohur  Princess Street  Chira Bazar Mumbai  Maharashtra  400002,,"12, 1st Fl, 174, Gold Mohur, Princess Street, Chira Bazar Mumbai, Maharashtra, 400002",HTYRN5862H,742778198213,J6449936,0,,6432092713,jv@fakemail.com,Indian,,,1986,35
161,Passport,Sharma,Sarika,Dinesh Sharma,Shilpa Sharma,Manoj Sharma,1986-09-24,Female,O+,56/333  Mahavir Chmbs  Samuel Street  Nagdevi Mumbai  Maharashtra  400003,,"56/333, Mahavir Chmbs, Samuel Street, Nagdevi
Mumbai, Maharashtra, 400003",HLJUY8272K,740175897374,J6499874,0,,6425389988,ss@gamail.com,Indian,,,1986,35
162,Passport,Limbachiya,Vaishali,Srikant Limbachiya,Arpita Limbachiya,Chetan Limbachiya,1990-05-24,Female,A+,1  Jawahar Kunj  Daftari Road  Shivaji Chowk No 2  Malad (east)Mumbai  Maharashtra  400097,,"1, Jawahar Kunj, Daftari Road, Shivaji Chowk No-2, Malad (east)Mumbai, Maharashtra, 400097",HYHGT6825K,744223252674,J6499674,0,,6404500136,vl@fakemail.com,Indian,,,1990,31
163,Passport,Mathur,Manoj,Vivek Mathur,Anjli Mathur,Megha  Mathur,1986-02-27,Male,AB+,911  Tulsiani Chambers  Nariman Point Mumbai  Maharashtra  400021,,"911, Tulsiani Chambers, Nariman Point
Mumbai, Maharashtra, 400021",ATVRN2872V,432778198211,J6449234,0,,4322092713,mm@fakemail.com,Indian,,,1986,35
164,Passport,Jain,Sarika,Deepak Jain,Rekha Jain,Manoj Jain,1986-09-24,Female,AB-,79  M G Road  Raja Rammohan Roy Srn Kolkata  West Bengal  700009,,"79, M G Road, Raja Rammohan Roy Srn
Kolkata, West Bengal, 700009",AXJUY3572X,432175897374,J6499234,0,,4325389988,sj@fakemail.com,Indian,,,1986,35
165,Passport,Verma,Vaishali,Srikant Verma,Arpita Verma,Chetan Verma,1991-07-26,Female,A+,149/1  M K Hardware  H Cross Sampige Main Road  Opp Dhanalakshmi Silks  Malleshwaram Bangalore  Karnataka  560003,,"149/1, M K Hardware, H Cross Sampige Main Road, Opp Dhanalakshmi Silks, Malleshwaram
Bangalore, Karnataka, 560003",AZHGT8825Z,432223252674,J6499234,0,,4324500136,vv@fakemail.com,Indian,,,1991,30
166,Passport,Verma,Akash,Vivek Verma,Anjli Verma,Meghna  Verma,1987-02-27,Male,AB+,56  1st Floor  Ahmed Oomerbhai Bldg   D 'silva Road  Dadar (west) Mumbai  Maharashtra  400028,,"56, 1st Floor, Ahmed Oomerbhai Bldg., D 'silva Road, Dadar (west)
Mumbai, Maharashtra, 400028",NTGRN4521V,432778198536,J6449536,0,,4322092536,mm@fakemail.com,Indian,,,1987,34
167,Passport,Jain,Priyanka,Deepak Jain,Rekha Jain,Nitin Jain,1984-09-24,Female,AB-,53  Mukhram Kanoria Road  Howrah Maidan Kolkata  West Bengal  711101,,"53, Mukhram Kanoria Road, Howrah Maidan
Kolkata, West Bengal, 711101",NXZUY3572X,432175897536,J7499536,0,,4325389536,sj@fakemail.com,Indian,,,1984,37
168,Passport,Verma,Tanu,Srikant Verma,Arpita Verma,Dev Verma,1995-07-26,Female,A+,710 Nr Hira Monica Marriage H  Opp Sheesh Mahal Apt  Ulhasnagar Mumbai  Maharashtra  421002,,"710,Nr Hira Monica Marriage H, Opp Sheesh Mahal Apt, Ulhasnagar
Mumbai, Maharashtra, 421002",NTFGT8825Z,432223252536,J6599253,0,,4324505336,vv@fakemail.com,Indian,,,1995,26
169,Passport,Verma,Aakshit,Kapil Verma,Sushma Verma,Megha  Verma,1985-02-27,Male,AB+,"D 9  Shah Ind Area  New Chandra  Veera Desai Rd  Opp Kolsite Ind  Andheri(w)
Mumbai  Maharashtra  400053",,"D-9, Shah Ind Area, New Chandra, Veera Desai Rd, Opp Kolsite Ind, Andheri(w)
Mumbai, Maharashtra, 400053",OLKIU2351P,612578198536,J6449475,0,,9612092536,av@fakemail.com,Indian,,,1985,36
170,Passport,Jain,Pankaj,Dilip Jain,Rekha Jain,Archna Jain,1984-09-21,Male,AB-,"B/3/9  Rajhansa Soceity  Near Best Depot  Ghatkoper (east)
Mumbai  Maharashtra  400075",,"B/3/9, Rajhansa Soceity, Near Best Depot, Ghatkoper (east)
Mumbai, Maharashtra, 400075",OMKYH4753K,612475897536,J7499471,0,,9425389536,pj@fakemail.com,Indian,,,1984,37
171,Passport,Verma,Abhinash,Suraj Verma,Arpita Verma,Deepika Verma,1995-07-21,Male,A+,"Room No 152  5  Ashirwad Indl estate  Ram Mandir Road  Goregaon (west)
Mumbai  Maharashtra  400104",,"Room No.152, 5, Ashirwad Indl.estate, Ram Mandir Road, Goregaon (west)
Mumbai, Maharashtra, 400104",OBGHT7536J,612223252537,J6599453,0,,9824505336,av@fakemail.com,Indian,,,1995,26
172,Passport,Verma,Vivek,Anil Verma,Rani Verma,Soni  Verma,1984-01-21,Male,B+,678/2 Chak Raghunath  Jhilmil Colony Naini  Allahabad 211001,,"678/2 Chak Raghunath, Jhilmil Colony Naini, Allahabad 211001",QAKIU2351P,702578198536,J6449475,0,,5512092536,vv@gmail.com,Indian,,,1984,37
173,Passport,Jain,Rajiv,Vijay Jain,Rekha Jain,Archna Jain,1984-09-17,Male,AB-,671a  Railway Quarter  Nyrd10thavenue  Cto  Allahabad  211001,,"671a, Railway Quarter, Nyrd10thavenue, Cto, Allahabad, 211001",RTKYH4753K,702475897536,J7499471,0,,5525389536,rj@fakemial.com,Indian,,,1984,37
174,Passport,Verma,Ankur,Suraj Verma,Piryali Verma,Leela Verma,1995-07-14,Male,A+,67a/78  Hewat Road  Heardlinehs  Ocb Xge  Allahabad  211001,,"67a/78, Hewat Road, Heardlinehs, Ocb Xge, Allahabad, 211001",IOGHT7536J,702223252537,J6599453,0,,5524505336,av@fakemail.com,Indian,,,1995,26
175,Passport,Tapkire,Amar,Babalu Tapkire,Rani Tapkire,Meenu  Tapkire,1984-01-21,Male,B+,"1195/6 A Fergusson Col  Tukaram Padulka Cho
Pune  Maharashtra  411005",,"1195/6 A Fergusson Col, Tukaram Padulka Cho
Pune, Maharashtra, 411005",MNBVC3678M,702578198248,J64494752,0,,5852092556,at@fakemail.com,Indian,,,1984,37
176,Passport,Gupta,Amit,Vijay Gupta,Sushila Gupta,Laxmi Gupta,1984-09-17,Male,AB-,"67  Hemu Classic Bldg  S V Road  Opp New Era Cinema  Malad (west)
Mumbai  Maharashtra  400064",,"67, Hemu Classic Bldg, S V Road, Opp New Era Cinema, Malad (west)
Mumbai, Maharashtra, 400064",VCXZL6542X,702475894826,J74994714,0,,8325389547,ag@fakemail.com,Indian,,,1984,37
177,Passport,Tapkire,Shubham,Ankit Tapkire,Payal Tapkire,Lalita Tapkire,1995-08-14,Male,A+,"10  Konkan Nagar  Hit Niketan J M Rd  Bhandup
Mumbai  Maharashtra  400078",,"10, Konkan Nagar, Hit Niketan J M Rd, Bhandup
Mumbai, Maharashtra, 400078",ZLKJH6841L,704823252537,J65994536,0,,5524505383,st@fakemail.com,Indian,,,1995,26
178,Passport,Tapkire,Atul,Balvir Tapkire,Rajkumari Tapkire,Sarika  Tapkire,1984-01-21,Male,B+,"145 Fergusson Col  Tukaram Padulka Cho
Pune  Maharashtra  411005",,"145 Fergusson Col, Tukaram Padulka Cho
Pune, Maharashtra, 411005",MNBVC7691K,732578198241,J73494752,0,,7152092556,at@fakemail.com,Indian,,,1984,37
179,Passport,Gupta,Ankit,Vijay Gupta,Sikha Gupta,Nilam Gupta,1984-09-17,Male,AB-,"475  S V Road  Opp New Era Cinema  Malad (west)
Mumbai  Maharashtra  400064",,"475  S V Road, Opp New Era Cinema, Malad (west)
Mumbai, Maharashtra, 400064",VCXZL4721J,742475894824,J72994714,0,,7125389547,ag@fakemail.com,Indian,,,1984,37
180,Passport,Tapkire,Kapil,Ankit Tapkire,Priynka Tapkire,Leelawati Tapkire,1995-08-14,Male,A+,"101  Konkan Nagar J M Rd  Bhandup
Mumbai  Maharashtra  400078",,"101, Konkan Nagar,J M Rd, Bhandup
Mumbai, Maharashtra, 400078",ZLKJH6070H,744823252534,J75994531,0,,7124505383,kt@fakemail.com,Indian,,,1995,26
181,Passport,Soni,Abhishek,Kapil Soni,Jaidevi Soni,Pooja  Soni,1984-04-21,Male,B+,214  Ahata Meer Bukhari  Asaf Ali Road  Darya GanjDelhi  Delhi  110002,,"214, Ahata Meer Bukhari, Asaf Ali Road, Darya GanjDelhi, Delhi, 110002",BVCMN2491K,712278198241,J73494122,0,,7152122556,as@fakemail.com,Indian,,,1984,37
182,Passport,Gupta,Neeraj,Akash Gupta,Piriti Gupta,Nilam Gupta,1989-09-17,Male,AB-,"46 Anusuya Apt  Nr National Dairy opp Rly  Bhayander (east)
Mumbai  Maharashtra  401105",,"46 Anusuya Apt, Nr National Dairy,opp Rly, Bhayander (east)
Mumbai, Maharashtra, 401105",XZLVC3721J,712575894824,J12594714,0,,7126389547,ng@fakemail.com,Indian,,,1989,32
183,Passport,Soni,Adesh,Neeraj Soni,Priynka Soni,Laveena Soni,1991-08-14,Male,A+,112  Guru Nanak Pura  Civil Lines Kapurthala  Punjab  141001,,"112, Guru Nanak Pura, Civil Lines Kapurthala, Punjab, 141001",KJHZL6170H,712323252534,J75123531,0,,7124512383,as@fakemail.com,Indian,,,1991,30
184,Passport,Soni,Pooja,Kapil Soni,Mithla Soni,Abhishek  Soni,1984-04-21,Female,AB+,186e  Bhai Randhir Singh N Ludhiana  Punjab  141003,,"186e, Bhai Randhir Singh N Ludhiana, Punjab, 141003",BVCMN6341M,824278198241,J73494824,0,,8242122556,ps@fakemail.com,Indian,,,1984,37
185,Passport,Gupta,Niharika,Amit Gupta,Piriti Gupta,Jitendra Gupta,1989-09-17,Female,A-,Plot No 430A  Industrial Area  Phase II Chandigarh  Chandigarh  160002,,"Plot No 430A, Industrial Area, Phase II Chandigarh, Chandigarh, 160002",XZLVC2137J,824575894824,J82494714,0,,8246389547,ng@fakemail.com,Indian,,,1989,32
186,Passport,Soni,Kavita,Rajendra  Soni,Priynka Soni,Lokesh Soni,1991-08-14,Female,B+,Plot No 6  Sec 23  Krishi Bazaar Mumbai  Maharashtra  400705,,"Plot No 6, Sec-23, Krishi Bazaar Mumbai, Maharashtra, 400705",KJHZL7061H,824323252534,J75123824,0,,8244512383,ks@fakemail.com,Indian,,,1991,30
187,Passport,Soni,Aadha,Kadam Soni,Aditi Soni,Karan  Soni,1985-05-22,Female,B+,109/1  Jagrati Vihar Opp Anand Hospital  Garh Road  Meerut  Uttar pradesh  250004,,"109/1, Jagrati Vihar Opp Anand Hospital, Garh Road, Meerut, Uttar pradesh, 250004",GHJKL4973K,824008198240,J73104824,0,,8210122556,sa@fakemail.com,Indian,,,1985,36
188,Passport,Gupta,Adya,Keshav Gupta,Ahana Gupta,Arvind Gupta,1990-10-17,Female,B+,H no 215 Radha nagar Kanker Khera Cantt Meerut 250001,,"H no 215 Radha nagar,Kanker Khera Cantt Meerut 250001",GRFHT6248G,800075894820,J80194714,0,,8246389510,ag@fakemail.com,Indian,,,1990,31
189,Passport,Soni,Amrita,Neterpal  Soni,Deeplata Soni,Khajit Soni,1991-08-14,Female,B+,"5 Manek Bhandari Compound  Jackeria Road  Malad (west)
Mumbai  Maharashtra  400064",,"5 Manek Bhandari Compound, Jackeria Road, Malad (west)
Mumbai, Maharashtra, 400064",EWQGA7362Q,801023252531,J71023824,0,,8244512103,as@fakemail.com,Indian,,,1991,30
190,Passport,Soni,Kinjal,Ajay Soni,Mruthula Soni,Suraj  Soni,1987-05-22,Female,O+,"60/60  Hughes Rd  N S Patkar Rd  Chowpatty
Mumbai  Maharashtra  400007",,"60/60, Hughes Rd, N S Patkar Rd, Chowpatty
Mumbai, Maharashtra, 400007",JKGHL5173K,681008198241,J68104828,0,,8268122556,sk@fakemail.com,Indian,,,1987,34
191,Passport,Gupta,Mrinal,Manohar Gupta,Savita Gupta,Kuldeep Gupta,1992-10-17,Female,O+,"No 18  Mission Street (North) near Preumal Koin Street
Pondicherry  Kerala  605001",,"No 18, Mission Street (North) near Preumal Koin Street
Pondicherry, Kerala, 605001",FHGRT5248G,670075894822,J67194716,0,,6746389516,mg@fakemail.com,Indian,,,1992,29
192,Passport,Soni,Ketki,Kushal  Soni,Mohini Soni,Kundan Soni,1993-08-14,Female,B+,"110  Payal Complex  Nr Manubhai Tower
Vadodara  Gujarat  390005",,"110, Payal Complex, Nr Manubhai Tower
Vadodara, Gujarat, 390005",QGEWA6362Q,661023252533,J66023826,0,,6644512163,ks@fakemail.com,Indian,,,1993,28
193,Passport,Joel,Depti,Arun Joel,Hema Joel,Amit  Joel,1989-07-22,Female,O+,"78 B  Pandurang Nivas  Colaba Road  Opp 3rd Pasta Lane  Colaba
Mumbai  Maharashtra  400005",,"78 B, Pandurang Nivas, Colaba Road, Opp 3rd Pasta Lane, Colaba
Mumbai, Maharashtra, 400005",MAGHL4173K,631038198243,J68104866,0,,6568122556,dj@fakemail.com,Indian,,,1989,32
194,Passport,Gupta,Rajani,Ram Gupta,Malti Gupta,Vijay Gupta,1992-11-17,Female,O+,"112  Luhadia Tower  D Scheme Ashok Marg
Jaipur  Rajasthan  302001",,"112, Luhadia Tower, D-Scheme Ashok Marg
Jaipur, Rajasthan, 302001",MSGRT6248G,666075894826,J67194767,0,,6546389516,rg@fakemail.com,Indian,,,1992,29
195,Passport,Sharma,Vishakha,Kapil  Sharma,Shilpa Sharma,Shiwam Sharma,1993-08-14,Female,B+,"136  3rd Floor  Sector 21c  Faridabad
Delhi  Haryana  121001",,"136, 3rd Floor, Sector 21c, Faridabad
Delhi, Haryana, 121001",MDEWA6162Q,661623252563,J66023867,0,,6544512163,vs@fakemail.com,Indian,,,1993,28
196,Passport,Goyal,Khushi,Chandrapal Goyal,Seema Goyal,Ravindra  Goyal,1982-10-11,Female,A+,4 /12 Triveni Nagar Cantt  Kanpur  Uttar Pradesh 208004,,4 /12 Triveni Nagar Cantt  Kanpur  Uttar Pradesh 208004,LQASD3482K,674038198244,J74104864,0,,5168122756,kg@fakemail.com,Indian,,,1982,39
197,Passport,Gupta,Mousam,Virjesh Gupta,Madhu Gupta,Kaviraj Gupta,1982-11-17,Female,O+,44  th Flr  Dluna Apts  L J X Road No  Mahim  Mumbai  Maharashtra 400016,,"44  th Flr, Dluna Apts, L J X Road No, Mahim  Mumbai  Maharashtra 400016",LDWAS6324J,673075894823,J73194763,0,,5146289516,mg@fakemail.com,Indian,,,1982,39
198,Passport,Jain,Nisha,Ketan  Jain,Rakhi Jain,Kapil Jain,1991-08-14,Female,B+,T 34 Stonedge Towers  3rd Floor  Ashok Nagar  Chennai  Tamil Nadu 600083,,"T-34 Stonedge Towers, 3rd Floor, Ashok Nagar  Chennai  Tamil Nadu 600083",LGAXC6472N,672623252562,J72023862,0,,5144512563,nj@fakemail.com,Indian,,,1991,30
199,Passport,Agarwal,Arpita,Hemant Agarwal,Maya Agarwal,Nabh  Agarwal,1983-10-13,Female,A+,11 vijaya Towers  A S Rao Nagar Hyderabad Andhra Pradesh 500062,,"11,vijaya Towers, A S Rao Nagar Hyderabad Andhra Pradesh 500062",XQASD5482K,674030008244,J05104864,0,,4068122756,aa@fakemail.com,Indian,,,1983,38
200,Passport,Garg,Hansika,Balram Garg,Minakshi Garg,Rajiv Garg,1982-12-17,Female,O+,236 Ashirwad Ind Est  5 Ram Mandir Road  Motilal Nagar Mumbai  Maharashtra 400104,,"236 Ashirwad Ind Est, 5 Ram Mandir Road, Motilal Nagar Mumbai  Maharashtra 400104",XDWAS6354J,673000894823,J12194763,0,,4046289516,hg@fakemail.com,Indian,,,1982,39
201,Passport,Teotia,Himanshi,Nakul  Teotia,Rajeshwari Teotia,Himank Teotia,1991-07-14,Female,B+,331 332  Azad Market Delhi Delhi 110006,,"331-332, Azad Market Delhi Delhi 110006",XGAXC6072N,672000252562,J72023813,0,,4044512563,ht@fakemail.com,Indian,,,1991,30
