Sr._No.,KYC_Attributes,Surname,Name,Father_Name,Mother_Name,Spouse_Name,Date_of_Birth,Gender,Blood_Group,Home_Address,Office_Address,Communication_Address,PAN_no,Aadhar_no,Passport_no,BankAcDetails,CreditCard,Mobile_No,Email_Id,Nationality,Voter_Card_ID,DL,year_of_Birth,Age
1,Telecom,,Aaloak Sunder,Birendra  Sunder,Kirti Sunder,,1980-11-21,Male,,19  Hrishikesh Society  RadhaPur  Patna    800001  Bihar,,"19, Hrishikesh Society, RadhaPor, Patna  - 800001, Bihar",0,0,J4213565,0,,9800000041,,Indian,,,1980,41
2,Telecom,,Aarav Basak,,Sharvari Basak,,1991-09-05,Male,,97  Radhika Nager  Bikaner   349205  Rajasthan,,"97, Radhika Nagar, Bikaner - 349205, Rajasthan",0,0,0,0,,9825232119,,Indian,,,1991,30
3,Telecom,,Abhay Agarwal,Prateek Agarwal,Nilima Agarwal,Abhaya Agarwal,1979-08-28,Male,,Abids  Tilak Road  Kirti Nagar  Delhi  110015  Delhi,,"Abids, Tilak Road, Kirti Nagar, Delhi, 110015, Delhi",0,0,0,0,,1124755216,,Indian,,,1979,42
4,Telecom,,Alisha Jai Purohit,Jai Patnaik,Aruna Patnaik,Ankit Purohit,1982-10-02,Female,,Sai Vandan Apt Nr Lokmanya Bus Depot  Welcome  Delhi  110053  Delhi,,"Sai Vandan Apt Nr Lokmanya Bus Depot, Welcome, Delhi, 110053, Delhi",0,201022445060,0,0,,9865742123,,Indian,,,1982,39
5,Telecom,,Amar Gurnani,Ajay,,,1984-07-15,Male,,GS Rd  Ganeshguri Chariali  Nr Beekay Tower   Shilchar   788001  Assam,,"GS Rd, Ganeshguri Chariali, Nr Beekay Tower,  Shilchar - 788001, Assam",ARARE1024G,989796995394,0,0,,2415121314,,Indian,,,1984,37
6,Telecom,,Amrita Ranganathan,,Lakshmi Iyer,Arindam Ranganathan,1984-03-05,Female,,16  Uttaradimuttrd nrnationalcllge  Basavanagudi   Alappuzha 690513  Kerala,,"16, Uttaradimuttrd,nrnationalcllge, Basavanagudi,  Alappuzha 690513, Kerala",ALHWR1845Q,689091929395,0,0,,0,,Indian,,,1984,37
7,Telecom,,Anand Singh,,Saroj,Gita Singh,1996-02-07,Male,,1st Floor  18 A  Patel Shopping Center  Janakpuri East  Delhi  110058  Delhi,,"1st Floor, 18 A, Patel Shopping Center, Janakpuri East, Delhi, 110058, Delhi",PQHPJ5084L,0,0,0,,4547621042,,Indian,,,1996,25
8,Telecom,,Malti M Brahmbhatt,Mahesh Gulati,Prerna Gulati,Mangal Brahmbhatt,1990-04-13,Female,,27  Anand Apartments  M S Road  Wagle Estate  Bangalore  560001  Karnataka,,"27, Anand Apartments, M S Road, Wagle Estate, Bangalore, 560001, Karnataka",AQYLT9785B,956741237890,0,0,,99000 00020,,Indian,,,1990,31
9,Telecom,,M K Patel,Kamal Kher,Rahi Kher,Mangesh Patel,1990-07-21,Female,,177  Anand Apartments   Coimbatore  641029  Tamil Nadu,,"177, Anand Apartments,  Coimbatore, 641029, Tamil Nadu",AMNKP5060L,633444155533,0,0,,9800098001,,,,,1990,31
10,Telecom,,Manoj A Singh,Arjuna,,,1990-10-25,Male,,21  Anand Indl Estate  M S Road  Wagle Estate  Thane(w)  Mumbai  400604  Maharashtra,,"21, Anand Indl Estate, M S Road, Wagle Estate, Thane(w), Mumbai, 400604, Maharashtra",0,227711334455,0,0,,9890111198,,Indian,,,1990,31
11,Telecom,,Mohandas Bhatia,,,,1978-12-20,,,521  Arneja Corner Gallery  Vashi   Mumbai 400705,,"521, Arneja Corner Gallery, Vashi - Mumbai 400705",0,0,0,0,,2255912118,,,,,1978,43
12,Telecom,,Mustafa Narang,Narsingh,Parvati,Pranjal Narang,1979-09-07,Male,,67/69  Atharva Apartments  Airoli Sector 2  Airoli  Mumbai 400708  Maharashtra,,"67/69, Atharva Apartments, Airoli Sector 2, Airoli, Mumbai 400708, Maharashtra",TRPNJ7743V,898887867584,0,0,,2221151394,,Indian,,,1979,42
13,Telecom,,Naval Dave,,,,1990-11-21,Male,,810  Ranjana Niwas  Katraj  Pune 411046  Maharashtra,,"810, Ranjana Niwas, Katraj, Pune 411046, Maharashtra",0,111213141566,0,0,,9890989098,,Indian,,,1990,31
14,Telecom,,Navami Pandey,,,,1991-09-21,Female,,18  1st Floor  Esplanade East  Kolkata  700069  WB,,"18, 1st Floor, Esplanade East, Kolkata, 700069, WB",0,201030405061,0,0,,3322482575,,Indian,,,1991,30
15,Telecom,,Nilam Mane,,,,1980-09-23,Female,,House No  145  Desai Road  Girgaon  Mumbai 400004  Maharashtra,,"House No. 145, Desai Road, Girgaon, Mumbai 400004, Maharashtra",0,113114115125,0,0,,0,,Indian,,,1980,41
16,Telecom,,Pandu Heravdakar,,,,1985-03-13,Male,,75  Mahakaleshwar Society  Ujjain   456006,,"75, Mahakaleshwar Society, Ujjain - 456006",0,202021212222,0,0,,0,,Indian,,,1985,36
17,Telecom,,Peeyush Nijasure,,,,1975-10-25,Male,,11  Prathamesh Bldg  KK Menon Road  New Friends Colony  Delhi 110060  Delhi,,"11, Prathamesh Bldg, KK Menon Road, New Friends Colony, Delhi 110060, Delhi",0,212223242555,0,0,,0,,,,,1975,46
18,Telecom,,Pranav Marwah,,,,1981-08-31,Male,,701 Jupiter Bldg  Hiranandani(c)  Andheri (west) Mumbai 400053  Maharashtra,,"701 Jupiter Bldg, Hiranandani(c), Andheri (west) Mumbai 400053, Maharashtra",0,0,0,0,,0,,Indian,,,1981,40
19,Telecom,,Prasad Dani,,,,1995-04-19,Male,,Flat No  25  Aniket Apartment  Ahmedabad  380015  Gujarat,,"Flat No. 25, Aniket Apartment, Ahmedabad, 380015, Gujarat",0,227112334455,0,0,,9234592345,,Indian,,,1995,26
20,Telecom,,Prasanna Ravel,,,,1990-04-09,Male,,39  Nitika Villas  Dadar Chennai   149650  Tamil Nadu,,"39, Nitika Villas, Dadar Chennai - 149650, Tamil Nadu",0,899998878686,0,0,,9898998989,,Indian,,,1990,31
21,Telecom,,Devika,Aditya Mayadev,Manasa Mayadev,,1985-03-13,Female,,240(271)  Llods Road  Royapettah  Chennai  600014  Tamil Nadu,,"240(271), Llods Road, Royapettah, Chennai, 600014, Tamil Nadu",0,0,0,0,6545546525365230.0,2428130549,,Indian,,,1985,36
22,Telecom,,Devika Amrit PreshitaMathai,Amrit Sheth,Preshita Sheth,,1981-08-29,Female,,49  Nayan Nagar  Shilchar  788001  Assam,,"49, Nayan Nagar, Shilchar -788001, Assam",0,0,0,0,,0,,Indian,,,1981,40
23,Telecom,,Devika Sawhney,,Kavita Balan,Deven Sawhney,1983-07-15,Female,,20  9 Main  Jayanagar  Jaipur   302001  Rajasthan,,"20, 9 Main, Jayanagar, Jaipur - 302001, Rajasthan",EDLGC1231A,556644318745,0,0,,0,,Indian,,,1983,38
24,Telecom,,Dinesh Akhilesh Toor,Akhilesh Toor,Sonali Toor,Dipshikha Toor,1979-05-23,Male,,Wp 489  Shiv Market  Gala No 9 Davale Nagar  Jekegram  Vasai east  401208  Maharashtra,,"Wp 489, Shiv Market, Gala No.9 Davale Nagar, Jekegram, Vasai east, 401208, Maharashtra",GPGSK4321K,605000132011,0,0,,0,,Indian,,,1979,42
25,Telecom,,Anees Chokshi,,Kanak,,1991-10-25,Male,,A 3/15  Asaaf Ali Road  Siliguri  734001  West Bengal,,"A-3/15, Asaaf Ali Road, Siliguri, 734001, West Bengal",0,605040302014,0,0,,0,,Indian,,,1991,30
26,Telecom,,A D Pandey,Dhanraj Malviya,Asmita Malviya,,1981-07-18,Female,,B 18  Vinco Chem  Ind  Estate  Paanchal Road  Chennai  600014  Tamil Nadu,,"B-18, Vinco Chem. Ind. Estate, Panchal Road, Chennai, 600014, Tamil Nadu",0,0,0,0,,0,,Indian,,,1981,40
27,Telecom,,Anusha Venkata Kant,,Anaya Iyer,,1986-03-13,Female,,B 9  Adittya Apt  Chimpoly Road  Chikuwadi  Bangalore  560052,,"B 9, Aditya Apt, Chimpolly Road, Chikuwadi, Bangalore, 560052",0,112233444167,0,0,,0,,Indian,,,1986,35
28,Telecom,,Apurva Bahl,,Chhavi Mandad,,1975-09-06,Female,,17  New No 15 a  Athipaattan Stret Chintadripet  Bangalore  560028  Karnataka,,"17, New No 15-a, Athipattan Street Chintadripet, Bangalore, 560028, Karnataka",NRCDE9989U,0,0,0,,0,,Indian,,,1975,46
29,Telecom,,Aravind Bassi,Charlie Roy,Basanti Roy,Himani Bassi,1980-07-18,Male,,33  Nishtha Villas  Farah Chowk Vasai   401208  Maharashtra,,"33, Nishtha Villaas, Farah Chowk Vasai - 401208, Maharashtra",0,442264178899,0,0,,0,,Indian,,,1980,41
30,Telecom,,Aravind Bassi,,,,1982-07-18,Male,,33  Nishtha Villas  Kolkata   346219  West Bengal,,"33, Nishtha Villas, Kolkata - 346219, West Bengal",0,0,0,0,,0,,Indian,,,1982,39
31,Telecom,,Pankaj Mathur,,Seema Mathur,,1989-01-25,Male,,A 404 Sai Sundram Nalasopara west Palghar Mumbai 401209,,A 404 Sai Sundram Nalasopara west Palghar Mumbai-401209,0,441567638211,0,0,,0,,Indian,,,1989,32
32,Telecom,,Arjun Pai,,Revti,,1981-01-26,Male,,B/702  Sunlight Tower Bldg  Delhi  110028  Delhi,,"B/702, Sunlight Tower Beldg, Delhi, 110028, Delhi",0,331122445569,0,0,,0,,Indian,,,1981,40
33,Telecom,,Aryan Karthik Srinivas,Karthik Srinivas,,,1985-05-05,Male,,53/8  Magaddi Main Road  Kamakshipalya  Ambala  133001 Haryana,,"53/8, Magaddi Main Road, Kamakshipalya, Ambala, 133001 Haryana",CHNDK5324K,0,0,0,,0,,Indian,,,1985,36
34,Telecom,,Azhar Shanker,Ayushman,Anandi,Sheetal Shanker,1969-09-23,Male,,1501  15th Floor  Maker Chambers VI  Bangalore  560025  Karnataka,,"1501, 15th Floor, Maker Chambers VI, Bangalore, 560025, Karnataka",0,109080706052,0,0,,0,,Indian,,,1969,52
35,Telecom,,Bhavana Rattan,,Kanti Hajare,,1985-07-17,Female,,1/22  Whs Timber Market  Hyderabad  500001  Andhra Pradesh,,"1/22, Whs Timbeer Market, Hyderabad, 500001, Andhra Pradesh",0,0,0,0,,0,,Indian,,,1985,36
36,Telecom,,Bhushan Jadhav,,Parvati Jadhav,,1978-12-20,Male,,Flat No  177  Raajas Society  Mulund  Mumbai   410026 Maharashtra,,"Flat No. 177, Raajas Society, Mulund, Mumbai - 410026 Maharashtra",SEMPJ5556L,0,0,0,,0,,Indian,,,1978,43
37,Telecom,,Brock,,Rita,,1981-04-10,Male,,202  Anant Appartment  Siyapura  Raopura  Vadodara 390001  Gujarat,,"202, Anant Appartment, Siyapora, Raopura, Vadodara 390001, Gujarat",0,105106107148,0,0,,0,,Indian,,,1981,40
38,Telecom,,Chandni A Mehan,Arman Javlekar,Indu Javlekar,Jay Mehan,1986-08-15,Female,,24  Saban Complex  resrdblr 25  Opp Imperial Hotel  Colaba  Mumbai  400005  Maharashtra,,"24, Saban Complex, resrdblr-25, Opp Imperial Hotel, Colba, Mumbai, 400005, Maharashtra",0,888786854484,0,0,,0,,Indian,,,1986,35
39,Telecom,,Chetan Mehul,Mehul Bhatti,,,1984-08-14,Male,,87  Bandra  Bandra West Mumabi 400050 Maharashtra,,"87, Bandra, Bandra West Mumabi,400050 Maharashtra",CDDFH1244B,0,0,0,,0,,Indian,,,1984,37
40,Telecom,,Chetan Amir ,Amir Mehta,,,1990-09-19,Male,,82  Borivali  Bhopal   539238  Madhya Pradesh,,"82, Borivali, Bhopal - 539238, Madhya Pradesh",UGGSK3214Q,0,0,0,,0,,,,,1990,31
41,Telecom,,Chetan,,Preshita Naik,,1979-09-10,Male,,94  HerPur  Gangapur   322201  Rajasthan,,"94, HerPur, Gangapur - 322201, Rajasthan",0,908877868584,0,0,,0,,,,,1979,42
42,Telecom,,Darshana JR,Jawahar Rao,Pushpa Rao,,1998-03-21,Female,B-,70  Sumit Heights  Yarwada Bikaner   349205  Rajasthan,,"70, Sumit Heights, Yarwada Bikaner - 349205, Rajasthan",PKGKP4546O,0,0,0,,0,,Indian,,,1998,23
43,Telecom,,Deepak Kapadia,Devraj Kapadia,Kavita Kapadia,Aarushi Kapadia,1981-10-21,Male,,48  Heena Society  Naresh Ganj Ranchi   296512  Jharkhand,,"48, Heena Society, Naresh Ganj Ranchi - 296512, Jharkhand",ABSTC9087D,109090705020,0,0,,0,,Indian,,,1981,40
44,Telecom,,Deepesh Chadha,Dinesh,,,1982-08-31,Male,,6  Maska Chawl  Sion Trombay Road  Near Yogi  Chennai 600049  Tamil Nadu,,"6, Maska Chawl, Sion Trombay Road, Near Yogi, Chennai 600049, Tamil Nadu",0,656669686971,0,0,,0,,Indian,,,1982,39
45,Telecom,,Pratik Apte,,,,1989-01-20,Male,,25  Niranjan Society  SK Road  Rajkot   283238  Gujarat,,"25, Niranjan Society, SK Road, Rajkot - 283238, Gujarat",0,0,0,0,,9898898988,,,,,1989,32
46,Telecom,,Prem Padagavakar,,,,1989-09-07,Male,,Flat No  12  Padmavathi Apartment  Main Rd  Gobichettiapalayam  Erode   638476  Tamil Nadu,,"Flat No. 12, Padmavathi Apartment, Main Rd, Gobichettiapalayam, Erode - 638476, Tamil Nadu",0,0,0,0,,0,,Indian,,,1989,32
47,Telecom,,Priyanka Bedi,,,,1978-06-25,Female,,15/2  Balram Apartment  Chennai  600002  Tamil Nadu,,"15/2, Balram Apartment, Chennai, 600002, Tamil Nadu",0,0,0,0,,2233445566,,,,,1978,43
48,Telecom,,Radha Thakur,,,,1980-01-11,Female,,15/60  Harikesh Apartment  Bangalore  560010  Karnataka,,"15/60, Harikesh Apartment, Bangalore, 560010, Karnataka",0,887789924433,0,0,,9812398123,,,,,1980,41
49,Telecom,,Rajnish Dar,,,,1985-07-25,Male,,35  Rishikesh Society  MG Road  Pilani   209640  Rajasthan,,"35, Rishikesh Society, MG Road, Pilani - 209640, Rajasthan",0,0,0,0,,0,,,,,1985,36
50,Telecom,,Ramadugula Sita Mahalakshmi,,,,1978-05-15,Female,,House No  101  Subhash Nagar  Gaziyabad   110085 Uttar Pradesh,,"House No. 101, Subhash Nagar, Gaziyabad - 110085 Uttar Pradesh",0,0,0,0,,0,,,,,1978,43
51,Telecom,,Dinesh Yadav,,Seeta Yadav,,1990-09-21,Male,,House No  25  Neelaya Society  Auto Market  Bhiwani   127021 Haryana,,"House No. 25, Nelaya Society, Auto Market, Hisar - 125001 Haryana",0,604050302010,0,0,,0,,Indian,,,1990,31
52,Telecom,,Durga Rakesh,Rakesh Khosla,,,1978-09-07,Female,B+,27/28 Woods Road  Anna Salai  Taran Taran 143401  Punjab,,"27/28 Woods Road, Anna Salai, Taran Taran,143401, Punjab",HKTPT5284F,124755443322,0,0,,0,,Indian,,,1978,43
53,Telecom,,Falguni Kant,,Dhwani Pant,,1983-08-31,Female,,1/a  1  Vasanthnagar  Borivali (e)  Mumbai  400092  Maharashtra,,"1/a, 1, Vasanthnagar, Borivali (e), Mumbai, 400092, Maharashtra",KLAPJ8455L,101133445568,0,0,,0,,Indian,,,1983,38
54,Telecom,,Gajendra V Thakkar,Vishnu,Kaumari,,1989-06-25,Male,,E/103 a Simala House  51 b Nepeasea Road  August Kranti Marg  Mumbai  400036,,"E/103-a Simala House, 51-b Nepeasea Road, August Kranti Marg, Mumbai, 400036",0,776655443355,0,0,,0,,Indian,,,1989,32
55,Telecom,,Gauransh,Mahesh,Sunita,Gauri,1990-09-21,Male,A+,87  Furniture Block  Kirti Nagar  Delhi 110015  Delhi,,"87, Furniture Block, Kirti Nagar, Delhi 110015, Delhi",APCRB6666G,353637383940,J4588138,0,,0,,Indian,,,1990,31
56,Telecom,,Gayatri MR,Mani Ranganathan,Rohini Ranganathan,Ganesh,1998-02-21,Female,,6/3 wareroad frazertown bangalore 5  Frrazer Town  Banglore 560005  Karnataka,,"6/3,wareroad,frazertown,bangalore-5, Frrazer Town, Banglore 560005, Karnataka",TRPJH8743V,875126127128,0,0,,0,,Indian,,,1998,23
57,Telecom,,Geetanjali Ayush Bali,Ayush Bhavalakar,,,1979-01-26,Female,,Narayan Bldg  Near Swami Narayan Temple  Dadar (c r )  Bombay  400014  Maharashtra,,"Narayan Bldg, Near Swami Narayan Temple, Dadar (c.r.), Bombay, 400014, Maharashtra",CDGER7654N,488786868585,0,0,,0,,Indian,,,1979,42
58,Telecom,,Giaan Menon,Gopal,Radhika,,1976-12-20,Male,,313/31412  25  Musium Road Bangalure  560025  Karnataka,,"313/31412, 25, Musium Road Bangalure, 560025, Karnataka",AACSR3421Q,123456789100,0,0,,0,,,,,1976,45
59,Telecom,,Indira D’Alia,Gangaram Chaturvedi,,,1988-07-18,Female,,F 151  Main Road  Near Ambedkar Gate  Sainath Road Hajiali  Mumbai  400034  Maharashtra,,"F-151, Main Road, Near Ambedkar Gate, Sainath Road,Hajiali, Mumbai, 400034, Maharashtra",0,445566778698,0,0,,022-10101010,,Indian,,,1988,33
60,Telecom,,R C Indrani ,,,,1978-12-20,Female,,15/16mgrdrdblr 1  Mahatma Gandhi Road  Bangalore  560001  Karnataka,,"15/16mgrdrdblr-1, Mahatma Gandhi Road, Bangalore, 560001, Karnataka",0,337711445252,0,0,,4587789658,,Indian,,,1978,43
61,Telecom,,Yadav Rakhi,,,,1990-09-21,Female,,3/3  19  Btm Layout  Bangalore  560029  Karnataka,,"3/3, 19, Btm Layout, Bangalore, 560029, Karnataka",0,0,0,0,,9239239239,,Indian,,,1990,31
62,Telecom,,Hora Inika ,Aditya Sawhney,,,1978-12-20,Female,,88  Hinjewadi  Vapi   396145  Gujarat,,"88, Hinjewadi, Vapi - 396145, Gujarat",0,557666443223,0,0,,9876543210,,Indian,,,1978,43
63,Telecom,,Mistry Iqbal ,,Raziya,,1977-12-20,Male,,1 7 659/26/1  Opp luna High School  Raopura  Bulandshahar 203001,,"1-7-659/26/1, Opp.luna High School, Raopura, Bulandshahar-203001",0,109111111113,0,0,,2413124142,,Indian,,,1977,44
64,Telecom,,S D Ishaan Bora,Shiv Bora,Disha Bora,,1980-01-22,Male,,A 5  578  Jitendra Jame  J J Road  Yadgir  585201  Karnataka,,"A-5, 578, Jitendra Jame, J J Road, Yadgir, 585201, Karnataka",0,445571123636,0,0,,9874561421,,Indian,,,1980,41
65,Telecom,,K Jaswant Gola,,,,1981-07-18,Male,,62 &63  Cp Ramasamy Road  Alwarpet  Jaisalmer  345001  Rajasthan,,"62 &63, Cp Ramasamy Road, Alwarpet, Jaisalmer, 345001, Rajasthan",0,129130131193,0,0,,6365523239,,Indian,,,1981,40
66,Telecom,,Iqbal Javed Bahri,,,,1981-08-31,Male,,4  Jeevanprem  Panchpakhadi  Nallasopara East  Mumbai 401209  Maharashtra,,"4, Jeevanprem, Panchpakhadi, Nallasopara East, Mumbai 401209, Maharashtra",0,137138139142,0,0,,75330741025,,Indian,,,1981,40
67,Telecom,,K Jayendra Lad,,,,1979-11-21,Male,,701 Jupiter Bldg  Hiranandani(c)  A 4th Cross Lane   Andheri (East) S O Mumbai 400069  Maharashtra,,"701 Jupiter Bldg, Hiranandani(c), A 4th Cross Lane,  Andheri (west) S.O Mumbai 400069, Maharashtra",ABRSC3214Q,123456899011,0,0,,5555666625,,Indian,,,1979,42
68,Telecom,,Jayesh VD Dyal,Vighnesh Dyal,Dipti Dyal,Jaya Dyal,1987-08-31,Male,,Flat No 304 3rd Floor St No 10  D V Arcade Main Road  Haridwar 249401 Uttarakhand,,"Flat No 304 3rd Floor St No 10, D V Arcade Main Road, Haridwar-249401,Uttarakhand",0,889998778687,0,0,,7854212325,,Indian,,,1987,34
69,Telecom,,Jwalaa Chadda,Jaikishan,Jaya,Vishal,1989-06-25,Female,,Flat No  144  Sejal Arcade   Amritsar 143001 Punjab,,"Flat No. 144, Sejal Arcade,  Amritsar,143001,Punjab",0,167974757318,0,0,,7534410717,,Indian,,,1989,32
70,Telecom,,RA Kajol Dewan,,,,1984-08-15,Female,,A 11  Naraina Indl Area  S Vivekanand Rd  MiraRoad (E) Mumbai  401074,,"A 11, Naraina Indl Area, S Vivekanand Rd, MiraRoad,(E) Mumbai, 401074",CDRKH1341B,665544332211,0,0,,4785475884,,Indian,,,1984,37
71,Telecom,,K Kalini Chadha,,,,1981-09-08,Female,,87  Kharadi  Bhilai  490001  Chhattisgarh,,"87, Kharadi, Bhilai- 490001, Chhattisgarh",0,445511123362,0,0,,7896544785,,Indian,,,1981,40
72,Telecom,,Kalyani Tata Murthy,,,,1979-01-19,Female,,Rto Main Road  Opp  Jhulelal Mandir  Varasia  Surat  335009  Gujarat,,"Rto Main Road, Opp. Jhulelal Mandir, Varasia, Surat, 335009, Gujarat",0,367712445524,0,0,,8520025887,,Indian,,,1979,42
73,Telecom,,A Kirti Prakash,,,,1981-08-31,Female,,127  A  Har Indl Est  Sun Mill Road Bikaner 334003 Rajasthan,,"127, A, Har Indl Est, Sun Mill Road,Bikaner,334003,Rajasthan",UTYRE7666B,886655774435,0,0,,6112945248,,Indian,,,1981,40
74,Telecom,,Lakshmi Desai,Bijoya Kabra,,,1980-01-10,Female,,95  Alaknanda Villas  PreshitaGarh Shilchar   788001  Assam,,"95, Alaknanda Villas, PreshitaGarh Shilchar - 788001, Assam",BCNER7891N,878886068587,0,0,,5655578879,ld@gmail.com,Indian,,,1980,41
75,Telecom,,Lalita Dutt,,,,1979-09-07,Female,,Jn2/5/a 2  Sector 10  Chickpet  Vasai Road East 401208 Maharashtra,,"Jn2/5/a-2, Sector 10, Chickpet, Vasai Road East,401208,Maharashtra",ALPOB3336G,0,0,0,,8878797884,,Indian,,,1979,42
76,Telecom,,Lina R Dugal,,,,1987-11-11,Female,,10  Virar  Bhopal  462004  Madhya Pradesh,,"10, Virar, Bhopal -462004, Madhya Pradesh",0,201020406062,0,0,,6342577889,,Indian,,,1987,34
77,Telecom,,Akash KR Mathur,,,,1989-11-12,Male,,17/18  Vihar  Rajnagar  Meerut 250002 Uttar Pradesh,,"17/18, Vihar, Rajnagar, Meerut,250002,Uttar Pradesh",0,201020405013,0,0,,4558699679,,Indian,,,1989,32
78,Telecom,,Arun JK Rao,,,,1985-12-22,Male,,Flat No 12 Sarita Vihar Bikaner 334003 Rajasthan,,"Flat No 12,Sarita Vihar,Bikaner,334003,Rajasthan",BYKQP7011C,311020405023,0,0,,4222544163,,Indian,,,1985,36
79,Telecom,,Singh Amar ,,,,1975-11-22,Male,,H NO 11/1 Radha Nagar Satna  485005 Madhya Pradesh,,"H NO 11/1 Radha Nagar Satna, 485005,Madhya Pradesh",0,321020405111,0,0,,7755331129,,Indian,,,1975,46
80,Telecom,,Seema Yadav,,,,1979-09-23,Female,,Plot No 25 Echelon Square  Sector 32 Grater Noida 201301 Uttar Pradesh,,"Plot No.25,Echelon Square, Sector,32,Grater Noida,201301,Uttar Pradesh",0,601020405027,0,0,,63655225238,,Indian,,,1979,42
81,Telecom,,Arun U Suman,,,,1984-03-20,Male,,H NO 1111  Leelawati  Patoriya Solan 173211  Himachal Pradesh  ,,"H NO 1111, Leelawati, Patoriya,Solan,173211, Himachal Pradesh  ",0,241020405333,0,0,,7245877885,,Indian,,,1984,37
82,Telecom,,Neha Panday,,,,1982-03-16,Female,,S N 18/19 Lane No  3 Om Sai Ganesh Nagar Satara 415001 Maharashatra,,"S.N.18/19 Lane No  3 Om Sai Ganesh Nagar Satara,415001,Maharashatra",BACDE1475E,203530405245,0,0,,8274858529,,Indian,,,1982,39
83,Telecom,,Sharma Ranveer ,,,,1991-10-10,Male,,Flat No  105  Raj Apartment  Indore   452001  MP,,"Flat No. 105, Raj Apartment, Indore - 452001, MP",0,612142402032,0,0,,6152422429,,Indian,,,1991,30
84,Telecom,,S R Rajesh Gangwar,,,,1986-02-12,Male,,Flat No 17  Shastri Nagar Meerut 250004 Uttar Pradesh,,"Flat No 17, Shastri Nagar,Meerut,250004,Uttar Pradesh",0,887789475870,0,0,,46475869771,,Indian,,,1986,35
85,Telecom,,Soni Rakesh Dubey,Kapil Dubey,Sarita Dubey,Rakesh Dubey,1984-04-13,Female,,76  Veena Destany Thane 400080  Maharastra ,,"76, Veena Destany,Thane,400080, Maharastra ",0,981635523661,0,0,,4768698876,,Indian,,,1984,37
86,Telecom,,Neha Pingle,,,,1987-09-05,Female,,Flat No 12 Wing A OM Sai Apt  OM Nagar Vasai West Mumbai 401202 Maharashtra,,"Flat No 12 Wing A,OM Sai Apt, OM Nagar Vasai West,Mumbai,401202,Maharashtra",0,311768699633,0,0,,6363632530,,Indian,,,1987,34
87,Telecom,,RR Kiran Mistrry,Ramesh Mistry,,,1980-03-10,Male,,Yogi COHS  B Wing  Flat No 202 60 Feet Road Delhi Cant  110012 Delhi,,"Yogi COHS, B Wing, Flat No 202,60 Feet Road,Delhi Cant, 110012,Delhi",0,674557488727,0,0,,2423252630,,Indian,,,1980,41
88,Telecom,,Gurjeet Singh,,,,1980-03-12,Male,,SEC 21 2nd Floor  B Block Ranjit Avenue Malad East 400097 Mumbai Maharashtra,,"SEC-21 2nd Floor ,B-Block Ranjit Avenue,Malad East,400097,Mumbai,Maharashtra",0,656968855645,0,0,,7112231714,,Indian,,,1980,41
89,Telecom,,Gupta Ganheet,,,,1980-05-20,Male,,H No 233 Gali No 1  Rajendra Nagar 800016 Patna  Bihar,,"H No 233,Gali No 1, Rajendra Nagar,800016,Patna, Bihar",0,851247155745,0,0,,7120404546,,Indian,,,1980,41
90,Telecom,,Rina Sant,,,,1979-07-17,Female,,M Wing  H No 281 Sanjay Nagar Jhansi 284002 Uttar Pradesh,,"M Wing, H No 281,Sanjay Nagar,Jhansi,284002,Uttar Pradesh",0,799875566323,0,0,,5545575586,,Indian,,,1979,42
91,Telecom,,Kapil Singh,,,,1981-02-12,Male,,Ground Floor Flat No  10 Olympica Soc Rohini sec 24  New Delhi 110042,,"Ground Floor,Flat No, 10,Olympica Soc,Rohini sec 24, New Delhi,110042",0,764674455865,0,0,,7575767177,,Indian,,,1981,40
92,Telecom,,Rahul Khanna,,,,1978-01-30,Male,,107 Defence Colony Phase II Bakori Rd Wagholi  Pune 412207 Maharashtra,,"107,Defence Colony Phase II,Bakori Rd,Wagholi, Pune,412207,Maharashtra",0,711223322012,0,0,,71220404547,,Indian,,,1978,43
93,Telecom,,Sunil Ravet,,,,1978-04-15,Male,,503 Block B Aggrawal Society Vasai East 401208 Palghar  Maharashtra,,"503 Block B,Aggrawal Society,Vasai East,401208,Palghar, Maharashtra",0,734223322145,0,0,,5745575859,,Indian,,,1978,43
94,Telecom,,Deeplata B Suman,,,,1981-06-14,Female,,678/2  Gali No 6 Jhilmil Colony Rajnagar Indor 452002 Madhya Pradesh,,"678/2, Gali No 6,Jhilmil Colony,Rajnagar,Indor,452002,Madhya Pradesh",0,520477784453,0,0,,7575767178,,Indian,,,1981,40
95,Telecom,,Pankaj M Mathur,,,,1985-10-25,Male,,59/D Simla House Nepeasea Road  August Kranti Marg  Mumbai  400036,,"59/D-Simla House, Station Road,Shivaji Nagar, Pune,411005,Maharashtra",0,414223322111,0,0,,73230404548,,Indian,,,1985,36
96,Telecom,,MR Rajeev Chopda,,,,1979-06-08,Male,,226 City Centre  Near Jaber Bus Stand Bulandshahar 203001 Uttar Pradesh,,"226 City Centre, Near Jaber Bus Stand,Bulandshahar,203001,Uttar Pradesh",0,454223322245,0,0,,5775575852,,Indian,,,1979,42
97,Telecom,,Ankur Jadhav,Dinesh Jadhav,Aabha Jadhav,Deepa Jadhav,1978-12-20,Male,,Plot 16 Grount Floor  Amar Stambh Zone 1  MP Nagar Raipur Chhatisgarh 490042,,"Plot 16,Grount Floor, Amar Stambh,Zone 1, MP Nagar,Raipur,Chhatisgarh-490042",0,580477784456,0,0,,7554233998,,Indian,,,1978,43
98,Telecom,,Megha Tiwari,,,,1976-04-15,Female,,34/35 Mathura Vihar  Nr Vijay Nagar  Kanchan Vihar Mathura  Uttar Pradesh 281001,,"34/35 Mathura Vihar, Nr Vijay Nagar, Kanchan Vihar Mathura, Uttar Pradesh-281001",0,543223322355,0,0,,9723099661,,Indian,,,1976,45
99,Telecom,,MR Mohit Yadav,,,,1979-06-08,Male,,Plot No26 7 Mantri Wadi S Vivekanand Road  Solapur Mumbai Maharashtra 413004,,"Plot No26-7 Mantri Wadi,S Vivekanand Road ,Solapur,Mumbai,Maharashtra-413004",0,152233222465,0,0,,9920457847,,Indian,,,1979,42
100,Telecom,,Ankur Kurmi,,,,1978-12-20,Male,,Plot 125 Grount Floor  Amar Stambh Zone 1  Mohan Nagar Raipur Chhatisgarh 490042,,"Plot 125,Grount Floor, Amar Stambh,Zone 1, Mohan Nagar,Raipur,Chhatisgarh-490042",0,534477784454,0,0,,7424237858,,Indian,,,1978,43
101,Telecom,,Pooja Tiwari,,,,1976-04-15,Female,,SN 06  Saket Commercial Complex   Railway Rd  Mathura  Uttar Pradesh 281001,,"SN-06, Saket Commercial Complex,  Railway Rd ,Mathura, Uttar Pradesh-281001",0,544712244114,0,0,,9723099665,,Indian,,,1976,45
102,Telecom,,MR Mohit Malik,,,,1979-06-18,Male,,H No 7 Mantri Wadi S Vivekanand Road  Solapur Mumbai Maharashtra 413004,,"H No 7 Mantri Wadi,S Vivekanand Road ,Solapur,Mumbai,Maharashtra-413004",0,730233222415,0,0,,9920457823,,Indian,,,1979,42
103,Telecom,,Kuldeep Saini,,,,1978-12-20,Male,,25 Grount Floor  Amar Stambh Zone 1  Mohan Nagar Raipur Chhatisgarh 490042,,"25,Grount Floor, Amar Stambh,Zone 1, Mohan Nagar,Raipur,Chhatisgarh-490042",0,535477784451,0,0,,7524237858,,Indian,,,1978,43
104,Telecom,,Sarita Gautam,,,,1978-04-23,Female,,6 Jai Dham Shivam Soc Nallasopara East Mumbai  Maharashtra 401209,,"6 Jai Dham,Shivam Soc,Nallasopara East,Mumbai, Maharashtra,401209",0,654301233214,0,0,,9513099659,,Indian,,,1978,43
105,Telecom,,NR Nitin Singh,,,,1982-01-15,Male,,250 Jatia Kolipara Kurla Mumbai Maharashtra 400070,,"250 Jatia,Kolipara,Kurla,Mumbai,Maharashtra-400070",0,711233222412,0,0,,3632382384,,Indian,,,1982,39
106,Telecom,,Rajnesh Thakur,,,,1978-12-20,Male,,B 183 Rajaji Puram Jabalpur Madhya Pradesh 482003,,"B-183,Rajaji Puram,Jabalpur,Madhya Pradesh-482003",0,585477784454,0,0,,3415577815,,Indian,,,1978,43
107,Telecom,,Nikita Gautam,,,,1981-05-15,Female,,6b Sultan Alam Road Shivam Soc Nallasopara East Mumbai  Maharashtra 401209,,"6b,Sultan Alam Road,Shivam Soc,Nallasopara East,Mumbai, Maharashtra,401209",0,655601233216,0,0,,9113099651,,Indian,,,1981,40
108,Telecom,,RR Suraj Shah,,,,1982-10-10,Male,,16/3 Jagannathan Road  Kolipara Kurla Mumbai Maharashtra 400070,,"16/3 Jagannathan Road,,Kolipara,Kurla,Mumbai,Maharashtra-400070",0,717833222418,0,0,,3632382384,,Indian,,,1982,39
109,Telecom,,Jitendra Kajla,,,,1978-12-20,Male,,C 35 Udyogpuram Industrial Estate   Jabalpur Madhya Pradesh 482003,,"C-35,Udyogpuram Industrial Estate, ,Jabalpur,Madhya Pradesh-482003",0,314477784451,0,0,,3115577812,,Indian,,,1978,43
110,Telecom,,Pawan Satpal,,,,1981-06-15,Male,,16 Hari Om Heritage  Sector 21 Plot No8 Nallasopara East Mumbai  Maharashtra 401209,,"16,Hari Om Heritage, Sector 21,Plot No8,Nallasopara East,Mumbai, Maharashtra,401209",0,685571233218,0,0,,2227742555,,Indian,,,1981,40
111,Telecom,,RR Jay Vora,,,,1982-11-10,Male,,B/103 Asmita Cres  Nr Asmita Club Kurla Mumbai Maharashtra 400070,,"B/103,Asmita Cres, Nr Asmita Club,Kurla,Mumbai,Maharashtra-400070",0,917733222410,0,0,,3888382398,,Indian,,,1982,39
112,Telecom,,Vardan Sharma,,,,1978-12-20,Male,,C 35 Udyogpuram Industrial Estate   Jabalpur Madhya Pradesh 482003,,"C-35,Udyogpuram Industrial Estate, ,Jabalpur,Madhya Pradesh-482003",0,374477784458,0,0,,3715577817,,Indian,,,1978,43
113,Telecom,,Shabdantika Parab,,,,1983-03-15,Female,,A/601 DSK Saraswati Vaishet Pada  No 8 Nallasopara East Mumbai  Maharashtra 401209,,"A/601,DSK Saraswati,Vaishet Pada  No 8,Nallasopara East,Mumbai, Maharashtra,401209",0,706540985654,0,0,,5227742555,,Indian,,,1983,38
114,Telecom,,RR Hasti Vora,,,,1982-11-10,Female,,H No 17 Sunder Prakash Co hsg society Kurla Mumbai Maharashtra 400070,,"H No-17 Sunder Prakash Co.hsg.society,Kurla,Mumbai,Maharashtra-400070",0,665817151026,0,0,,5488382398,,Indian,,,1982,39
115,Telecom,,Rikita Modi,,,,1978-12-20,Female,,Plot No F 7  Industrial Area  Phase 8 Jabalpur Madhya Pradesh 482003,,"Plot No F-7, Industrial Area, Phase 8,Jabalpur,Madhya Pradesh-482003",0,521859517692,0,0,,9122728061,,Indian,,,1978,43
116,Telecom,,Adwait Dhawan,,,,2001-02-15,Male,,D/521 Visava CHS Haji Bapu Road Nallasopara East Mumbai  Maharashtra 401209,,"D/521,Visava CHS Haji Bapu Road,Nallasopara East,Mumbai, Maharashtra,401209",0,166425148691,0,0,,8228742558,,Indian,,,2001,20
117,Telecom,,KR Kanishka Khopar,,,,1985-09-11,Female,,A/33 Kailashchandra CHS LTD Mahindra Nagar Kurla Mumbai Maharashtra 400070,,"A/33,Kailashchandra CHS LTD,Mahindra Nagar,Kurla,Mumbai,Maharashtra-400070",0,257858498245,0,0,,4584882390,,Indian,,,1985,36
118,Telecom,,Yeshvi Shah,,,,1978-12-20,Female,,H No 21 Om Sai Krupa bldg Jabalpur Madhya Pradesh 482003,,"H No 21,Om Sai Krupa bldg,Jabalpur,Madhya Pradesh-482003",0,512347284922,0,0,,9323728061,,Indian,,,1978,43
119,Telecom,,Dron Nayak,,,,2001-02-15,Male,,G 2 Sayani Chawl Ranisati Marg Opp Laxminarayan Temple Dadar East Mumbai  Maharashtra 401209,,"G-2,Sayani Chawl Ranisati Marg,Opp Laxminarayan Temple,Dadar East,Mumbai, Maharashtra,401209",0,629235813813,0,0,,9757443911,,Indian,,,2001,20
120,Telecom,,AR Yamini Prajapati,,,,1985-09-11,Female,,SP 21  Sector C  Chetan Vihar Colony Bandra Mumbai Maharashtra 400070,,"SP 21, Sector C, Chetan Vihar Colony,Bandra,Mumbai,Maharashtra-400070",0,931711573842,0,0,,9917423431,,Indian,,,1985,36
121,Telecom,,Vedika Patil,,,,1978-12-20,Female,,705 Ashirwad Building C 3 Near Kabutar Khana Jabalpur Madhya Pradesh 482003,,"705,Ashirwad Building C-3,Near Kabutar Khana,Jabalpur,Madhya Pradesh-482003",0,944654039464,0,0,,7717427471,,Indian,,,1978,43
122,Telecom,,Anirudh Tripathi,,,,2001-01-15,Male,,H NO 01 Rani Laxmi Marg  Krishna Nagar Opp Laxminarayan Temple Dadar East Mumbai  Maharashtra 401209,,"H NO 01,Rani Laxmi Marg ,Krishna Nagar,Opp Laxminarayan Temple,Dadar East,Mumbai, Maharashtra,401209",0,937296551143,0,0,,9257443921,,Indian,,,2001,20
123,Telecom,,AR Khushi Prajapati,,,,1985-09-11,Female,,2  1st Floor  West Row  Circus Avenue Bandra Mumbai Maharashtra 400070,,"2, 1st Floor, West Row, Circus Avenue,Bandra,Mumbai,Maharashtra-400070",0,976731570876,0,0,,9820389398,,Indian,,,1985,36
124,Telecom,,Sanika Gopale,,,,1978-12-20,Female,,4/996  Old Mahabalipuram Road Jabalpur Madhya Pradesh 482003,,"4/996, Old Mahabalipuram Road,Jabalpur,Madhya Pradesh-482003",0,666622638266,0,0,,9104020121,,Indian,,,1978,43
125,Telecom,,Mayur Pingle,,,,1999-03-15,Male,,B/103  Asmita Cres  Nr Asmita Club Krishna Nagar Opp Laxminarayan Temple Dadar East Mumbai  Maharashtra 401209,,"B/103, Asmita Cres, Nr Asmita Club Krishna Nagar,Opp Laxminarayan Temple,Dadar East,Mumbai, Maharashtra,401209",0,937296552023,0,0,,9257443902,,Indian,,,1999,22
126,Telecom,,AR Aachal Ambaliya,,,,1988-09-11,Female,,2nd Floor Centre Point  Above Pizza Hut West Row  Circus Avenue Bandra Mumbai Maharashtra 400070,,"2nd Floor Centre Point, Above Pizza Hut,West Row, Circus Avenue,Bandra,Mumbai,Maharashtra-400070",0,667413507665,0,0,,9020389398,,Indian,,,1988,33
127,Telecom,,Deepa Dhale,,,,1978-12-20,Female,,18  Civic Centre  Khandelwal Complex  Opp Prabhu Vandana Talkies Guna Madhya Pradesh 482003,,"18, Civic Centre, Khandelwal Complex, Opp Prabhu Vandana Talkies,Guna,Madhya Pradesh-482003",0,606622638266,0,0,,9114020121,,Indian,,,1978,43
128,Telecom,,Hitesh More,,,,1986-04-21,Male,,330  Goshamahal Road  Begum Baza Laxminarayan Temple Dadar East Mumbai  Maharashtra 401209,,"330, Goshamahal Road, Begum Baza Laxminarayan Temple,Dadar East,Mumbai, Maharashtra,401209",0,937202329655,0,0,,9257443992,,Indian,,,1986,35
129,Telecom,,AR Saniya Maniyar,,,,1988-07-07,Female,,Plot No 430A  Industrial Area  Phase II Bandra(West) Mumbai Maharashtra 400070,,"Plot No 430A, Industrial Area, Phase II,Bandra(West),Mumbai,Maharashtra-400070",0,667766541322,0,0,,9020389381,,Indian,,,1988,33
130,Telecom,,Anita Dhale,,,,1989-05-23,Female,,10  Patrakar Colony Gwalior Road Guna Madhya Pradesh 482003,,"10, Patrakar Colony,Gwalior Road,Guna,Madhya Pradesh-482003",0,616826662265,0,0,,9114020156,,Indian,,,1989,32
131,Telecom,,Vishal Sharma,,,,1986-04-21,Male,,111 Pettah Jn  Anayara Road Chennai  Tamilnadu 452136,,"111,Pettah Jn, Anayara Road,Chennai, Tamilnadu-452136",0,967202329676,0,0,,9250043992,,Indian,,,1986,35
132,Telecom,,AR Sikha Rathor,,,,1988-07-07,Female,,102 Truck Parking  AB Rd  Bandra(West) Mumbai Maharashtra 400070,,"102 Truck Parking, AB Rd, Bandra(West),Mumbai,Maharashtra-400070",0,697766541329,0,0,,9020389001,,Indian,,,1988,33
133,Telecom,,Anju Singh,,,,1989-05-23,Female,,P2  Awadh Puri  Opposite Ram Mandir   Shivpuri Madhya Pradesh 482013,,"P2, Awadh Puri, Opposite Ram Mandir, ,Shivpuri,Madhya Pradesh-482013",0,67826662272,0,0,,9114047956,,Indian,,,1989,32
134,Telecom,,Vaasu Shirke,,,,1986-05-21,Male,,Plot No 51 A  Ranjana Enclav  Anayara Road Chennai  Tamilnadu 452136,,"Plot No-51 A, Ranjana Enclav, Anayara Road,Chennai, Tamilnadu-452136",0,96720202960,0,0,,9000043992,,Indian,,,1986,35
135,Telecom,,AR Shivani Rathor,,,,1986-08-08,Female,,B 89  New Vishwakarma Nagar Bandra(West) Mumbai Maharashtra 400070,,"B,89, New Vishwakarma Nagar,Bandra(West),Mumbai,Maharashtra-400070",0,697766541009,0,0,,9020389901,,Indian,,,1986,35
136,Telecom,,Aakriti Sonar,,,,1988-05-23,Female,,120 Okay PLUS House  Kiran Path  Suraj Nagar Shivpuri Madhya Pradesh 482017,,"120,Okay PLUS House, Kiran Path, Suraj Nagar,Shivpuri,Madhya Pradesh-482017",0,67826662200,0,0,,9114047006,,Indian,,,1988,33
137,Telecom,,Dakksh Thakkar,,,,1986-06-21,Male,,8/9  Shreeji Estate  Veraval Main Rd  Opp Sumangal Casting Chennai  Tamilnadu 452100,,"8/9, Shreeji Estate, Veraval Main Rd, Opp Sumangal Casting,Chennai, Tamilnadu-452100",0,236720202960,0,0,,9879552723,,Indian,,,1986,35
138,Telecom,,AR Jyoti Choubey,,,,1986-09-24,Female,,B 33  Site   1  B S Road IndlArea Bandra(West) Mumbai Maharashtra 400070,,"B 33, Site - 1, B S Road IndlArea,Bandra(West),Mumbai,Maharashtra-400070",0,297766541002,0,0,,8020389908,,Indian,,,1986,35
139,Telecom,,Pooja Sonar,,,,1988-05-14,Female,,13/17  4th Floor  Kanchan Bhawan  Shivpuri Madhya Pradesh 482017,,"13/17, 4th Floor, Kanchan Bhawan, Shivpuri,Madhya Pradesh-482017",0,77826662207,0,0,,6114047066,,Indian,,,1988,33
140,Telecom,,Ranvir Thakkar,,,,1986-02-21,Male,,Plot No 25  Institutional Area  Opp Sumangal Casting Chennai  Tamilnadu 452144,,"Plot No 25, Institutional Area, Opp Sumangal Casting,Chennai, Tamilnadu-452144",0,346720202960,0,0,,9879559923,,Indian,,,1986,35
141,Telecom,,AR Asmita Keshwa,,,,1986-09-24,Female,,38  Avishkar Complex  Old Padra Road Bandra(West) Mumbai Maharashtra 400070,,"38, Avishkar Complex, Old Padra Road,Bandra(West),Mumbai,Maharashtra-400070",0,347766541002,0,0,,9920389908,,Indian,,,1986,35
142,Telecom,,Beena Samuel,,,,1988-05-24,Female,,461  Apmc Mkt   1  central Facility Bldg No  Phase 2  Sector 19   Shivpuri Madhya Pradesh 482017,,"461, Apmc Mkt - 1 ,central Facility Bldg No, Phase 2, Sector 19,  Shivpuri,Madhya Pradesh-482017",0,34826662207,0,0,,6119947066,,Indian,,,1988,33
143,Telecom,,Rishi Variava,,,,1986-02-21,Male,,1301 Maa Enrich Jangla Nagar Near Bank of Maharashtra Chennai  Tamilnadu 452144,,"1301,Maa Enrich,Jangla Nagar,Near Bank of Maharashtra,Chennai, Tamilnadu-452144",0,706720202960,0,0,,9879349923,,Indian,,,1986,35
144,Telecom,,AR Riddhi Variava,,,,1986-09-24,Female,,204  Nimbalkar Chambers  Kharivav Road  Dandia Bazar Bandra(West) Mumbai Maharashtra 400070,,"204, Nimbalkar Chambers, Kharivav Road, Dandia Bazar Bandra(West),Mumbai,Maharashtra-400070",0,707766541002,0,0,,9925089908,,Indian,,,1986,35
145,Telecom,,Vrushti Limbachiya,,,,1988-05-24,Female,,205  Hari Om Nagar Sector 21  Plot No 8 Shivpuri Madhya Pradesh 482017,,"205, Hari Om Nagar Sector 21, Plot No 8,Shivpuri,Madhya Pradesh-482017",0,700826662207,0,0,,6150947066,,Indian,,,1988,33
146,Telecom,,Janhit Variava,,,,1986-02-27,Male,,12  1st Fl  174  Gold Mohur  Princess Street  Chira Bazar Chennai  Tamilnadu 552144,,"12, 1st Fl, 174, Gold Mohur, Princess Street, Chira Bazar Chennai, Tamilnadu-552144",0,646720202960,0,0,,6479349923,,Indian,,,1986,35
147,Telecom,,Dinesh S Sarika Sharma,,,,1989-09-24,Female,,56/333  Mahavir Chmbs  Samuel Street  Nagdevi Bandra(West) Mumbai Maharashtra 400070,,"56/333, Mahavir Chmbs, Samuel Street, Nagdevi Bandra(West),Mumbai,Maharashtra-400070",0,647766541002,0,0,,6425089908,,Indian,,,1989,32
148,Telecom,,Vaishali Limbachiya,,,,1990-05-24,Female,,1  Jawahar Kunj  Daftari Road  Shivaji Chowk Shivpuri Madhya Pradesh 482017,,"1, Jawahar Kunj, Daftari Road, Shivaji Chowk,Shivpuri,Madhya Pradesh-482017",0,640826662207,0,0,,6450947066,,Indian,,,1990,31
149,Telecom,,Manoj Mathur,,,,1986-02-27,Male,,911  Tulsiani Chambers   Princess Street Chira Bazar Chennai  Tamilnadu 552144,,"911, Tulsiani Chambers,, Princess Street,Chira Bazar Chennai, Tamilnadu-552144",0,432720202960,0,0,,4329349923,,Indian,,,1986,35
150,Telecom,,Deepak Rekha Sarika Jain,,,,1989-09-24,Female,,79  M G Road  Raja Rammohan Roy Bandra(West) Mumbai Maharashtra 400070,,"79, M G Road, Raja Rammohan Roy Bandra(West),Mumbai,Maharashtra-400070",0,432766541002,0,0,,4325089908,,Indian,,,1989,32
151,Telecom,,Vaishali Verma,,,,1991-07-26,Female,,149/1  M K Hardware  H Cross Sampige Main Road Shivpuri Madhya Pradesh 482017,,"149/1, M K Hardware, H Cross Sampige Main Road,Shivpuri,Madhya Pradesh-482017",0,432826662207,0,0,,4320947066,,Indian,,,1991,30
152,Telecom,,Akash Verma,,,,1987-02-27,Male,,56  1st Floor  Ahmed Oomerbhai Bldg Chennai  Tamilnadu 552122,,"56, 1st Floor, Ahmed Oomerbhai Bldg Chennai, Tamilnadu-552122",0,432720202536,0,0,,4329345363,,Indian,,,1987,34
153,Telecom,,Deepak Rekha Priyanka Jain,,,,1984-09-24,Female,,53  Mukhram Kanoria Road  Bandra(West) Mumbai Maharashtra 400070,,"53, Mukhram Kanoria Road, Bandra(West),Mumbai,Maharashtra-400070",0,432766541536,0,0,,4325089536,,Indian,,,1984,37
154,Telecom,,Tanu Verma,,,,1978-12-20,Female,,710 Nr Hira Monica Marriage Shivpuri Madhya Pradesh 482017,,"710,Nr Hira Monica Marriage Shivpuri,Madhya Pradesh-482017",0,432826662536,0,0,,4320947536,,Indian,,,1978,43
155,Telecom,,Aakshit Verma,,,,1985-02-27,Male,,D 9  Shah Ind Area  New Chandra  Veera Desai Rd Chennai  Tamilnadu 552122,,"D-9, Shah Ind Area, New Chandra, Veera Desai Rd,Chennai, Tamilnadu-552122",0,612720202516,0,0,,9619345363,,Indian,,,1985,36
156,Telecom,,Dilip Rekha Pankaj Jain,,,,1984-09-21,Male,,B/3 Rajhansa Soceity  Near Best Depot Bandra(West) Mumbai Maharashtra 400070,,"B/3 Rajhansa Soceity, Near Best Depot,Bandra(West),Mumbai,Maharashtra-400070",0,612766541516,0,0,,9525089536,,Indian,,,1984,37
157,Telecom,,Abhinash Verma,,,,1978-12-20,Male,,Room No 152  5  Ashirwad Indl estate  Ram Mandir Road Shivpuri Madhya Pradesh 482017,,"Room No.152, 5, Ashirwad Indl.estate, Ram Mandir Road,Shivpuri,Madhya Pradesh-482017",0,612826662532,0,0,,9520947536,,Indian,,,1978,43
158,Telecom,,Vivek Verma,,,,1984-01-21,Male,,678/2 Chak Raghunath  Jhilmil Colony Chennai  Tamilnadu 552122,,"678/2 Chak Raghunath, Jhilmil Colony Chennai, Tamilnadu-552122",0,702720202516,0,0,,5519345363,,Indian,,,1984,37
159,Telecom,,Vijay Rekha Rajiv Jain,,,,1984-09-17,Male,,671a  Railway Quarter Bandra(West) Mumbai Maharashtra 400070,,"671a, Railway Quarter,Bandra(West),Mumbai,Maharashtra-400070",0,702766541516,0,0,,5525089536,,Indian,,,1984,37
160,Telecom,,Ankur Verma,,,,1995-07-14,Male,,67a Hewat Road  Shivpuri Madhya Pradesh 482017,,"67a Hewat Road, Shivpuri,Madhya Pradesh-482017",0,702826662532,0,0,,5520947536,,Indian,,,1995,26
161,Telecom,,Amar Tapkire,,,,1984-01-21,Male,,1195 Fergusson Col  Tukaram Padulka Chennai  Tamilnadu 552122,,"1195 Fergusson Col, Tukaram Padulka Chennai, Tamilnadu-552122",0,702720248516,0,0,,5839345346,,Indian,,,1984,37
162,Telecom,,Vijay Sushila Amit Gupta,,,,1984-09-17,Male,,67  Hemu Classic Bldg S V Road Bandra(West) Mumbai Maharashtra 444070,,"67, Hemu Classic Bldg,S V Road,Bandra(West),Mumbai,Maharashtra-444070",0,702766544816,0,0,,8325089545,,Indian,,,1984,37
163,Telecom,,Shubham Tapkire,,,,1995-08-14,Male,,10  Konkan Nagar  Hit Niketan J M Rd Shivpuri Madhya Pradesh 372017,,"10, Konkan Nagar, Hit Niketan J M Rd Shivpuri,Madhya Pradesh-372017",0,704826662532,0,0,,8320947536,,Indian,,,1995,26
164,Telecom,,Atul Tapkire,,,,1984-01-21,Male,,145 Fergusson Col  Tukaram Padulka Chennai  Tamilnadu 552122,,"145 Fergusson Col, Tukaram Padulka Chennai, Tamilnadu-552122",0,732720248513,0,0,,7139345346,,Indian,,,1984,37
165,Telecom,,Vijay Sikha Ankit Gupta,,,,1984-09-17,Male,,475  S V Road Bandra(West) Mumbai Maharashtra 444070,,"475  S V Road,Bandra(West),Mumbai,Maharashtra-444070",0,742766544814,0,0,,7125089545,,Indian,,,1984,37
166,Telecom,,Kapil Tapkire,,,,1995-08-14,Male,,101  Konkan Nagar J M Rd  Shivpuri Madhya Pradesh 372017,,"101, Konkan Nagar,J M Rd, Shivpuri,Madhya Pradesh-372017",0,744826662534,0,0,,7120947536,,Indian,,,1995,26
167,Telecom,,Abhishek Soni,,,,1984-04-21,Male,,214  Ahata Meer Bukhari  Chennai  Tamilnadu 682122,,"214, Ahata Meer Bukhari, Chennai, Tamilnadu-682122",0,712220248513,0,0,,7139341226,,Indian,,,1984,37
168,Telecom,,Akash Piriti Neeraj Gupta,,,,1989-09-17,Male,,46 Anusuya Apt Opp Rly Station Bandra(West) Mumbai Maharashtra 400451,,"46 Anusuya Apt,Opp Rly Station,Bandra(West),Mumbai,Maharashtra-400451",0,712566544814,0,0,,7126089545,,Indian,,,1989,32
169,Telecom,,Adesh Soni,,,,1991-08-14,Male,,112  Guru Nanak Pura  Civil Lines Shivpuri Madhya Pradesh 302017,,"112, Guru Nanak Pura, Civil Lines Shivpuri,Madhya Pradesh-302017",0,712426662534,0,0,,7120912336,,Indian,,,1991,30
170,Telecom,,Pooja Soni,,,,1984-04-21,Female,,186e  Bhai Randhir Singh N  Chennai  Tamilnadu 682122,,"186e, Bhai Randhir Singh N, Chennai, Tamilnadu-682122",0,824220248513,0,0,,8249341226,,Indian,,,1984,37
171,Telecom,,Amit Piriti Niharika Gupta,,,,1989-09-17,Female, ,Plot No 430A  Industrial Area  Phase II Bandra(West) Mumbai Maharashtra 400451,,"Plot No 430A, Industrial Area, Phase II Bandra(West),Mumbai,Maharashtra-400451",0,824566544814,0,0,,8246089545,,Indian,,,1989,32
172,Telecom,,Kavita Soni,,,,1991-08-14,Female,,Plot No 6  Sec 23  Krishi Bazaar Shivpuri Madhya Pradesh 302017,,"Plot No 6, Sec-23, Krishi Bazaar Shivpuri,Madhya Pradesh-302017",0,824426662534,0,0,,8240912336,,Indian,,,1991,30
173,Telecom,,Aadha Soni,,,,1985-05-22,Female,,109/1  Jagrati Vihar Opp Anand Complex Chennai  Tamilnadu 682122,,"109/1, Jagrati Vihar Opp Anand Complex Chennai, Tamilnadu-682122",0,820020248510,0,0,,8201341226,,Indian,,,1985,36
174,Telecom,,Keshav Ahana Adya Gupta,,,,1990-10-17,Female, ,H no 215 Radha nagar Near Madjid Bandra(West) Mumbai Maharashtra 400451,,"H no 215 Radha nagar Near Madjid Bandra(West),Mumbai,Maharashtra-400451",0,824566544800,0,0,,8246081045,,Indian,,,1990,31
175,Telecom,,Amrita Soni,,,,1991-08-14,Female,,5 Manek Bhandari Compound  Shivpuri Madhya Pradesh 302017,,"5 Manek Bhandari Compound, Shivpuri,Madhya Pradesh-302017",0,821026662530,0,0,,8240910136,,Indian,,,1991,30
176,Telecom,,Kinjal Soni,,,,1987-05-22,Female,,60/60  Hughes Rd  N S Patkar Rd Chennai  Tamilnadu 682122,,"60/60, Hughes Rd, N S Patkar Rd,Chennai, Tamilnadu-682122",0,680020248511,0,0,,8681341226,,Indian,,,1987,34
177,Telecom,,Manohar Savita Mrinal Gupta,,,,1992-10-17,Female, ,No 18  Mission Street  Bandra(West) Mumbai Maharashtra 400451,,"No 18, Mission Street  Bandra(West),Mumbai,Maharashtra-400451",0,674566544802,0,0,,6746781045,,Indian,,,1992,29
178,Telecom,,Ketki Soni,,,,1993-08-14,Female,,110  Payal Complex  Nr Manubhai Tower Shivpuri Madhya Pradesh 302017,,"110, Payal Complex, Nr Manubhai Tower Shivpuri,Madhya Pradesh-302017",0,661026662533,0,0,,6640916136,,Indian,,,1993,28
179,Telecom,,Depti Joel,,,,1989-07-22,Female,,78 B  Pandurang Nivas  N S Patkar Rd Chennai  Tamilnadu 692122,,"78 B, Pandurang Nivas, N S Patkar Rd,Chennai, Tamilnadu-692122",0,666020248511,0,0,,6581341226,,Indian,,,1989,32
180,Telecom,,RamMalti Rajani Gupta,,,,1992-11-17,Female, ,112  Luhadia Tower  D Scheme Ashok Marg Bandra(West) Mumbai Maharashtra 400451,,"112, Luhadia Tower, D-Scheme Ashok Marg Bandra(West),Mumbai,Maharashtra-400451",0,664566544862,0,0,,6546781045,,Indian,,,1992,29
181,Telecom,,Vishakha Sharma,,,,1993-08-14,Female,,136  3rd Floor  Sector 21c r Shivpuri Madhya Pradesh 322017,,"110, Payal Complex, Nr Manubhai Tower Shivpuri,Madhya Pradesh-302017",0,661626662533,0,0,,6540916136,,Indian,,,1993,28
182,Telecom,,Khushi Goyal,,,,1982-10-11,Female,,4 /12 Triveni Nagar Cantt Meerut 693322,,4 /12 Triveni Nagar Cantt Meerut 693322,0,674020248511,0,0,,5181340226,,Indian,,,1982,39
183,Telecom,,Virjesh Madhu Mousam Gupta,,,,1982-11-17,Female, ,44  th Flr  Dluna Apts Bandra(West) Mumbai Maharashtra 400454,,"44  th Flr, Dluna Apts Bandra(West),Mumbai,Maharashtra-400454",0,673566544862,0,0,,5142781045,,Indian,,,1982,39
184,Telecom,,Jain Nisha ,,,,1991-08-14,Female,,T 34 Stonedge Towers  3rd Floor Guna Madhya Pradesh 312017,,"T-34 Stonedge Towers, 3rd Floor Guna Madhya Pradesh-312017",0,672626662533,0,0,,5140916936,,Indian,,,1991,30
185,Telecom,,Arpita Agarwal,,,,1983-10-13,Female,,11 vijaya Towers Janakpuri east Meerut 693322,,"11,vijaya Towers Janakpuri east Meerut 693322",0,674020008511,0,0,,4081340226,,Indian,,,1983,38
186,Telecom,,Balram Minakshi Hansika Garg,,,,1982-12-17,Female, ,236 Ashirwad Ind Est  5 Ram Mandir  Bandra(West) Mumbai Maharashtra 400454,,"236 Ashirwad Ind Est, 5 Ram Mandir  Bandra(West),Mumbai,Maharashtra-400454",0,670006544862,0,0,,4042781045,,Indian,,,1982,39
187,Telecom,,Teotia Himanshi ,,,,1991-07-14,Female,,331 332  Azad Market Guna Madhya Pradesh 312017,,"331-332, Azad Market Guna Madhya Pradesh-312017",0,672626600033,0,0,,4040916936,,Indian,,,1991,30
